0	G000022025	5
3	G000015025	5
0	G000011565	5
1	G000018265	5
2	G000014425	5
0	G000024165	5
0	G000008265	5
7	G000023945	5
1	G000014025	5
2	G000014285	5
2	G000015645	5
3	G000019525	5
2	G000011905	5
0	G000017685	5
7	G000024545	5
9	G000010645	5
1	G000016425	5
3	G000022325	5
10	G000025005	5
1	G000024665	5
1	G000016345	5
1	G000017465	5
3	G000023985	5
0	G000015805	5
1	G000025605	5
12	G000023465	5
2	G000007925	5
4	G000010565	5
4	G000152065	5
0	G000153345	5
3	G000025625	5
1	G000147835	5
1	G000143165	5
11	G000152805	5
0	G000153885	5
0	G000147335	5
23	G000153725	5
0	G000168715	5
0	G000055785	5
0	G000154285	5
9	G000160115	5
0	G000154305	5
0	G000158935	5
1	G000156055	5
0	G000165795	5
0	G000169155	5
0	G000026125	5
5	G000160675	5
0	G000169335	5
1	G000159075	5
0	G000158075	5
0	G000168295	5
11	G000169175	5
0	G000171775	5
9	G000175575	5
1	G000155875	5
4	G000176855	5
1	G000178955	5
3	G000177615	5
1	G000183725	5
0	G000178835	5
14	G000188195	5
0	G000180455	5
0	G000196355	5
2	G000192985	5
0	G000191925	5
5	G000213935	5
6	G000190575	5
0	G000180175	5
5	G000220625	5
6	G000204645	5
0	G000226565	5
0	G000224515	5
3	G000219175	5
2	G000221145	5
7	G000214335	5
1	G000225525	5
19	G000227505	5
0	G000231445	5
0	G000228205	5
1	G000234805	5
1	G000227665	5
3	G000236565	5
0	G000238395	5
0	G000240505	5
2	G000244975	5
14	G000245015	5
0	G000255295	5
4	G000255555	5
8	G000282995	5
1	G000253295	5
8	G000284255	5
2	G000243815	5
3	G000258425	5
1	G000285555	5
1	G000297875	5
3	G000284095	5
3	G000298375	5
3	G000285795	5
0	G000286115	5
0	G000299355	5
0	G000312405	5
1	G000317245	5
2	G000304715	5
4	G000312565	5
1	G000317995	5
0	G000317795	5
8	G000320345	5
21	G000325745	5
17	G000340825	5
7	G000337475	5
7	G000333455	5
4	G000341655	5
0	G000332255	5
2	G000349545	5
3	G000331005	5
1	G000369145	5
0	G000373885	5
2	G000350525	5
1	G000334455	5
8	G000372285	5
1	G000350605	5
0	G000374145	5
3	G000374085	5
1	G000374585	5
7	G000378485	5
3	G000375545	5
0	G000374545	5
7	G000378085	5
0	G000377785	5
0	G000381525	5
0	G000380565	5
2	G000241465	5
0	G000383315	5
0	G000385135	5
10	G000383835	5
1	G000384935	5
0	G000383915	5
2	G000321165	5
1	G000403255	5
0	G000372465	5
0	G000342725	5
4	G000402355	5
6	G000403455	5
2	G000403475	5
4	G000407605	5
1	G000402275	5
1	G000409815	5
4	G000410435	5
0	G000406785	5
2	G000411375	5
0	G000413035	5
0	G000420205	5
1	G000421605	5
24	G000416315	5
0	G000415145	5
1	G000423025	5
0	G000422205	5
3	G000421625	5
13	G000422785	5
0	G000423165	5
0	G000423205	5
6	G000423745	5
1	G000424445	5
1	G000427665	5
1	G000426305	5
0	G000424525	5
1	G000424545	5
0	G000431175	5
2	G000429325	5
14	G000431355	5
2	G000429305	5
0	G000429785	5
0	G000435995	5
4	G000433415	5
0	G000431695	5
2	G000433955	5
2	G000436855	5
1	G000438455	5
0	G000436895	5
0	G000463075	5
4	G000472605	5
4	G000444605	5
12	G000466165	5
0	G000480315	5
0	G000478645	5
3	G000495495	5
0	G000482805	5
1	G000495505	5
0	G000500065	5
8	G000496175	5
0	G000501615	5
12	G000517565	5
9	G000512235	5
0	G000512735	5
0	G000518245	5
3	G000517625	5
14	G000518205	5
1	G000518805	5
6	G000518685	5
3	G000519125	5
2	G000518365	5
1	G000518585	5
0	G000526255	5
5	G000526675	5
11	G000531125	5
0	G000525675	5
1	G000550765	5
0	G000576045	5
3	G000576575	5
0	G000619845	5
3	G000620485	5
4	G000620045	5
1	G000612445	5
7	G000621125	5
0	G000621325	5
4	G000621665	5
5	G000626675	5
0	G000691645	5
1	G000701465	5
0	G000691685	5
1	G000698595	5
7	G000737065	5
9	G000718985	5
4	G000718015	5
1	G000712635	5
3	G000719335	5
2	G000710465	5
4	G000745475	5
0	G000737335	5
2	G000745395	5
2	G000719975	5
2	G000745735	5
10	G000751775	5
0	G000755385	5
9	G000746195	5
2	G000756655	5
0	G000759655	5
3	G000757725	5
6	G000759025	5
0	G000759445	5
0	G000759065	5
0	G000760735	5
1	G000760235	5
2	G000763135	5
0	G000767135	5
0	G000764205	5
3	G000768705	5
5	G000769655	5
0	G000828915	5
0	G000813665	5
0	G000800155	5
2	G000816085	5
3	G000949295	5
0	G000951135	5
1	G000787835	5
0	G000950575	5
2	G000771955	5
3	G000970285	5
2	G000956475	5
16	G000934725	5
20	G000967895	5
0	G000961655	5
0	G000981785	5
0	G000987765	5
1	G000992165	5
0	G000992365	5
0	G000992205	5
1	G000980495	5
0	G000993305	5
2	G000994465	5
0	G000993595	5
1	G000995125	5
0	G000997945	5
0	G000996715	5
0	G000999175	5
9	G001000505	5
0	G001001445	5
0	G001001925	5
0	G001002345	5
0	G001003415	5
2	G001007625	5
0	G001005015	5
1	G001003585	5
5	G001021975	5
1	G001027925	5
0	G001004485	5
0	G001029295	5
0	G001015055	5
6	G001028625	5
2	G001029445	5
3	G001039475	5
3	G001047215	5
4	G001045465	5
2	G001056295	5
1	G001049775	5
12	G001263755	5
3	G001189495	5
11	G001187785	5
0	G001276615	5
0	G001299475	5
8	G001310395	5
1	G001310455	5
10	G001303125	5
0	G001310815	5
0	G001316025	5
4	G001316245	5
10	G001314905	5
1	G001401795	5
0	G001402795	5
0	G001403615	5
8	G001418015	5
3	G001407835	5
1	G001412595	5
0	G001405615	5
1	G001420285	5
3	G001422215	5
4	G001424265	5
0	G001422605	5
0	G001423695	5
5	G001426545	5
3	G001425835	5
0	G001425085	5
6	G001427875	5
6	G001430825	5
2	G001427985	5
0	G001428065	5
3	G001431505	5
0	G001434225	5
2	G001434695	5
0	G001435695	5
5	G001435585	5
2	G001436045	5
0	G001436835	5
6	G001438015	5
21	G001438085	5
7	G001437075	5
3	G001438315	5
0	G001439215	5
1	G001462175	5
2	G001442615	5
6	G001462305	5
2	G001475745	5
0	G001464125	5
19	G001464455	5
4	G001462315	5
0	G001465855	5
5	G001469955	5
10	G001510075	5
0	G001508895	5
0	G001510185	5
1	G001516705	5
1	G001507995	5
0	G001545115	5
3	G001543385	5
0	G001513315	5
1	G001548375	5
1	G001550135	5
0	G001560275	5
1	G001553605	5
7	G001563795	5
3	G001567275	5
8	G001583415	5
0	G001577185	5
0	G001583435	5
2	G001578205	5
0	G001598215	5
0	G001603795	5
1	G001603115	5
0	G001603225	5
0	G001590785	5
0	G001601575	5
1	G001592745	5
0	G001603205	5
1	G001604025	5
4	G001604005	5
0	G001613465	5
0	G001627095	5
2	G001618885	5
1	G001627595	5
2	G001632005	5
2	G001627795	5
16	G001643535	5
1	G001632485	5
3	G001656105	5
2	G001673105	5
2	G001693275	5
1	G001713665	5
0	G001678845	5
0	G001730525	5
3	G001746855	5
3	G001742205	5
0	G001773295	5
6	G001767575	5
0	G001768305	5
0	G001770165	5
5	G001778195	5
0	G001773615	5
0	G001783215	5
1	G001781805	5
0	G001776855	5
12	G001780385	5
1	G001786735	5
0	G001788225	5
0	G001787885	5
1	G001787555	5
0	G001789805	5
0	G001790575	5
0	G001794605	5
0	G001791505	5
3	G001792935	5
0	G001795085	5
2	G001796575	5
21	G001798265	5
1	G001796655	5
0	G001797045	5
0	G001799255	5
0	G001798315	5
4	G001803785	5
0	G001805765	5
0	G001800495	5
0	G001799925	5
0	G001801315	5
0	G001801405	5
1	G001805025	5
0	G001817035	5
11	G001819535	5
0	G001819135	5
0	G001817915	5
0	G001822935	5
1	G001820905	5
0	G001819635	5
0	G001823545	5
2	G001824645	5
4	G001825715	5
0	G001825635	5
1	G001829625	5
1	G001828265	5
0	G001829785	5
0	G001830115	5
0	G001830895	5
0	G001858125	5
0	G001871895	5
13	G001871575	5
8	G001872225	5
10	G001872265	5
3	G001872995	5
6	G001872735	5
4	G001872305	5
0	G001873515	5
11	G001873495	5
2	G001873875	5
0	G001874625	5
11	G001898035	5
2	G001898575	5
1	G001914235	5
0	G001916175	5
0	G001904635	5
0	G001916695	5
0	G001917125	5
1	G001917115	5
0	G001917965	5
2	G001917575	5
0	G001919485	5
0	G001919715	5
12	G001918595	5
0	G001922575	5
12	G001936115	5
1	G001931535	5
1	G001952075	5
0	G001983655	5
5	G001955715	5
1	G001982085	5
3	G001999965	5
2	G002009975	5
5	G002005465	5
0	G002005165	5
6	G002010615	5
0	G002011425	5
2	G002017915	5
2	G002020795	5
3	G002011745	5
1	G900100455	5
10	G900100765	5
0	G900002265	5
2	G900103125	5
2	G900101395	5
0	G900103915	5
1	G900107785	5
1	G900104155	5
1	G900110995	5
1	G900109475	5
0	G900110905	5
1	G900113925	5
1	G900119095	5
0	G900129305	5
16	G900129875	5
4	G900141825	5
6	G900141935	5
0	G900142675	5
4	G000010645	20
11	G000025005	20
0	G000011905	20
0	G000011565	20
0	G000008745	20
4	G000007925	20
1	G000018265	20
3	G000015025	20
0	G000025625	20
1	G000019525	20
0	G000016425	20
2	G000023985	20
11	G000015805	20
2	G000014425	20
0	G000024165	20
1	G000024665	20
0	G000023465	20
1	G000024545	20
0	G000023945	20
3	G000010565	20
7	G000008265	20
0	G000017685	20
1	G000017465	20
3	G000022325	20
1	G000025605	20
11	G000015645	20
1	G000016345	20
2	G000014285	20
0	G000055785	20
3	G000152065	20
11	G000152805	20
0	G000147835	20
1	G000143165	20
0	G000153885	20
0	G000154285	20
0	G000026125	20
0	G000168775	20
2	G000153725	20
1	G000159075	20
9	G000160115	20
0	G000168715	20
0	G000155875	20
0	G000156055	20
0	G000158075	20
0	G000154305	20
0	G000168295	20
0	G000153345	20
0	G000169175	20
0	G000158935	20
0	G000165795	20
3	G000176855	20
16	G000171775	20
9	G000175575	20
0	G000169335	20
0	G000178835	20
0	G000177615	20
2	G000192985	20
2	G000190575	20
0	G000180175	20
5	G000213935	20
0	G000180455	20
2	G000196355	20
0	G000214335	20
0	G000183725	20
14	G000188195	20
8	G000219175	20
0	G000191925	20
0	G000227665	20
1	G000236565	20
0	G000220625	20
0	G000225525	20
0	G000231445	20
0	G000228205	20
19	G000227505	20
2	G000234805	20
0	G000241465	20
0	G000237805	20
3	G000242095	20
1	G000240505	20
2	G000244975	20
14	G000245015	20
2	G000243815	20
0	G000238395	20
1	G000253295	20
7	G000284255	20
2	G000286115	20
12	G000258425	20
4	G000298375	20
1	G000285555	20
4	G000255555	20
0	G000285795	20
1	G000255295	20
1	G000297875	20
2	G000304715	20
8	G000282995	20
3	G000308395	20
0	G000299355	20
0	G000312405	20
1	G000317245	20
0	G000324985	20
1	G000320345	20
17	G000317795	20
4	G000312565	20
2	G000321165	20
2	G000317995	20
0	G000323565	20
7	G000325745	20
0	G000324305	20
1	G000333455	20
3	G000331005	20
0	G000332255	20
1	G000334455	20
17	G000340825	20
2	G000347835	20
4	G000337475	20
2	G000350525	20
3	G000349545	20
0	G000374585	20
8	G000372285	20
1	G000369145	20
0	G000342725	20
0	G000374145	20
0	G000374545	20
0	G000377785	20
1	G000350605	20
0	G000372465	20
0	G000375545	20
0	G000378485	20
0	G000380565	20
7	G000378085	20
0	G000383315	20
0	G000381525	20
8	G000383835	20
0	G000383915	20
0	G000384935	20
0	G000385135	20
1	G000403255	20
7	G000402355	20
3	G000403455	20
2	G000403475	20
0	G000406785	20
0	G000407605	20
0	G000410435	20
1	G000409815	20
0	G000415145	20
24	G000416315	20
3	G000411375	20
0	G000413035	20
0	G000420205	20
0	G000418515	20
3	G000421625	20
1	G000421605	20
6	G000423745	20
0	G000422205	20
0	G000423165	20
1	G000423025	20
1	G000424445	20
0	G000422785	20
1	G000424545	20
1	G000427665	20
3	G000429305	20
1	G000431355	20
1	G000426305	20
0	G000431175	20
2	G000429325	20
0	G000429785	20
0	G000431695	20
13	G000433415	20
0	G000433955	20
0	G000435995	20
0	G000436855	20
5	G000472605	20
6	G000444605	20
0	G000463075	20
0	G000436895	20
2	G000478845	20
1	G000466165	20
0	G000480315	20
3	G000495495	20
1	G000482805	20
0	G000438455	20
0	G000478645	20
0	G000500065	20
19	G000512235	20
0	G000496175	20
1	G000495505	20
0	G000512735	20
0	G000501615	20
0	G000517625	20
6	G000518685	20
12	G000517565	20
2	G000518365	20
0	G000518245	20
10	G000518205	20
1	G000518805	20
0	G000525675	20
11	G000531125	20
5	G000526675	20
0	G000576575	20
0	G000620045	20
0	G000619845	20
0	G000620485	20
0	G000526255	20
0	G000612445	20
0	G000576045	20
0	G000621325	20
5	G000626675	20
0	G000550765	20
0	G000621665	20
1	G000621125	20
1	G000691725	20
0	G000691685	20
0	G000691645	20
1	G000698595	20
1	G000701465	20
0	G000709735	20
4	G000710465	20
1	G000718015	20
2	G000719975	20
0	G000712635	20
1	G000718985	20
0	G000737335	20
1	G000745395	20
0	G000745475	20
2	G000757725	20
3	G000746195	20
0	G000755385	20
1	G000759445	20
3	G000760235	20
0	G000751775	20
2	G000763135	20
2	G000756655	20
0	G000768705	20
2	G000759655	20
0	G000759065	20
0	G000760735	20
0	G000764205	20
7	G000769655	20
1	G000767135	20
6	G000759025	20
2	G000771955	20
0	G000787835	20
2	G000816085	20
0	G000813665	20
0	G000828915	20
0	G000949295	20
16	G000934725	20
1	G000951135	20
1	G000956475	20
0	G000950575	20
0	G000961655	20
20	G000967895	20
3	G000970285	20
0	G000981785	20
1	G000980495	20
1	G000993305	20
0	G000987765	20
0	G000989775	20
1	G000992365	20
0	G000992165	20
0	G000995125	20
2	G000992205	20
1	G000994465	20
0	G000999175	20
0	G000997945	20
1	G001000125	20
0	G000993595	20
4	G001000505	20
0	G001001925	20
0	G001002405	20
0	G001005015	20
0	G001001445	20
1	G001003585	20
1	G001002345	20
0	G001003605	20
3	G001003415	20
0	G001015055	20
2	G001007625	20
4	G001021975	20
1	G001027925	20
6	G001028625	20
3	G001045465	20
4	G001047215	20
0	G001029295	20
2	G001189495	20
1	G001049775	20
4	G001283625	20
0	G001276615	20
14	G001263755	20
2	G001029445	20
3	G001056295	20
0	G001299475	20
1	G001310455	20
1	G001303125	20
8	G001310395	20
0	G001310815	20
0	G001314905	20
3	G001316245	20
0	G001402795	20
5	G001316025	20
0	G001403615	20
0	G001418015	20
0	G001401795	20
2	G001407835	20
1	G001412595	20
0	G001420285	20
2	G001422215	20
2	G001422605	20
1	G001425835	20
0	G001423695	20
5	G001426545	20
1	G001431505	20
0	G001425085	20
1	G001427875	20
0	G001430825	20
0	G001427985	20
0	G001434225	20
2	G001434695	20
0	G001428065	20
0	G001435585	20
36	G001435695	20
1	G001437075	20
6	G001438015	20
2	G001436045	20
0	G001442615	20
0	G001439215	20
1	G001462175	20
4	G001462315	20
3	G001462305	20
14	G001464455	20
0	G001438085	20
4	G001438315	20
0	G001465855	20
0	G001464125	20
3	G001469955	20
1	G001475745	20
0	G001508895	20
1	G001507995	20
0	G001510075	20
0	G001513315	20
3	G001516705	20
0	G001510185	20
0	G001545115	20
0	G001548375	20
3	G001543385	20
1	G001553605	20
0	G001550135	20
0	G001560275	20
3	G001567275	20
8	G001563795	20
0	G001577185	20
0	G001583435	20
0	G001590785	20
8	G001583415	20
1	G001592745	20
0	G001601575	20
0	G001578205	20
13	G001603205	20
0	G001603225	20
0	G001598215	20
7	G001604025	20
0	G001603795	20
20	G001604005	20
2	G001618885	20
1	G001625515	20
0	G001627095	20
0	G001625535	20
0	G001632005	20
3	G001627795	20
1	G001632485	20
1	G001627595	20
11	G001643535	20
2	G001673105	20
3	G001656105	20
0	G001678845	20
2	G001705725	20
0	G001713665	20
0	G001772795	20
5	G001742205	20
0	G001730525	20
2	G001693275	20
1	G001768305	20
0	G001770165	20
0	G001746855	20
3	G001767575	20
0	G001772885	20
0	G001773295	20
2	G001773615	20
7	G001780385	20
0	G001776855	20
0	G001780445	20
1	G001787555	20
0	G001787885	20
0	G001788225	20
0	G001783215	20
0	G001789805	20
1	G001791505	20
1	G001790035	20
0	G001790575	20
0	G001792935	20
0	G001795085	20
1	G001793975	20
2	G001797045	20
17	G001798265	20
0	G001796655	20
12	G001796575	20
1	G001798315	20
0	G001794605	20
14	G001800495	20
3	G001803785	20
0	G001804205	20
0	G001801315	20
0	G001799925	20
0	G001801405	20
0	G001799255	20
1	G001805025	20
17	G001805765	20
0	G001817915	20
1	G001817035	20
0	G001819135	20
0	G001820325	20
0	G001819535	20
0	G001819635	20
0	G001822935	20
2	G001820905	20
1	G001823055	20
0	G001821135	20
0	G001823545	20
0	G001825715	20
1	G001829625	20
1	G001825635	20
0	G001829785	20
1	G001828265	20
3	G001824645	20
3	G001830895	20
9	G001830115	20
0	G001871895	20
2	G001872225	20
5	G001871575	20
0	G001830975	20
0	G001872265	20
5	G001872305	20
6	G001872735	20
1	G001858125	20
3	G001873495	20
2	G001872995	20
0	G001873515	20
2	G001873875	20
0	G001874625	20
0	G001904635	20
11	G001898035	20
1	G001914235	20
0	G001916175	20
0	G001898575	20
0	G001916695	20
0	G001917125	20
21	G001918595	20
1	G001917115	20
0	G001919485	20
1	G001932755	20
0	G001917575	20
0	G001917965	20
12	G001936115	20
27	G001919715	20
0	G001931535	20
1	G001952075	20
0	G001982085	20
0	G001983655	20
4	G001955715	20
0	G001922575	20
2	G001999965	20
2	G002009975	20
1	G002005465	20
0	G002005165	20
0	G002010195	20
0	G002011425	20
11	G002010615	20
1	G002017915	20
17	G002011745	20
0	G900002265	20
0	G002020795	20
3	G002021235	20
0	G900100455	20
1	G900101395	20
5	G900100765	20
0	G900103915	20
0	G900103125	20
1	G900104155	20
1	G900107785	20
1	G900109475	20
0	G900110905	20
1	G900113925	20
0	G900119095	20
0	G900110995	20
16	G900129875	20
0	G900129305	20
4	G900141825	20
1	G900141935	20
0	G900142675	20
3	G900156245	20
0	G000024545	50
1	G000011905	50
0	G000008745	50
3	G000022325	50
0	G000008265	50
2	G000015805	50
1	G000023985	50
9	G000015645	50
8	G000025005	50
2	G000025625	50
1	G000007925	50
0	G000017685	50
1	G000016345	50
1	G000024665	50
1	G000025605	50
0	G000024165	50
7	G000023945	50
4	G000010645	50
1	G000016425	50
1	G000023465	50
4	G000010565	50
0	G000011565	50
1	G000014285	50
2	G000014425	50
3	G000015025	50
1	G000018265	50
0	G000017465	50
1	G000019525	50
0	G000153345	50
0	G000155875	50
0	G000158935	50
0	G000165795	50
0	G000026125	50
4	G000153725	50
2	G000171775	50
0	G000178835	50
0	G000180175	50
3	G000152065	50
0	G000154305	50
0	G000147835	50
1	G000168775	50
9	G000160115	50
0	G000175575	50
0	G000169335	50
0	G000154285	50
11	G000152805	50
6	G000153885	50
0	G000168715	50
0	G000177615	50
0	G000169175	50
0	G000158075	50
0	G000055785	50
0	G000176855	50
1	G000143165	50
1	G000156055	50
0	G000168295	50
0	G000183725	50
2	G000190575	50
3	G000192985	50
5	G000213935	50
7	G000219175	50
1	G000228205	50
0	G000214335	50
0	G000180455	50
2	G000196355	50
0	G000227665	50
0	G000220625	50
0	G000231445	50
1	G000240505	50
12	G000188195	50
0	G000225525	50
1	G000253295	50
0	G000238395	50
0	G000245015	50
0	G000227505	50
0	G000237805	50
1	G000234805	50
0	G000191925	50
1	G000243815	50
0	G000242095	50
0	G000241465	50
0	G000244975	50
0	G000255295	50
4	G000255555	50
1	G000285795	50
7	G000284255	50
1	G000286115	50
6	G000282995	50
3	G000258425	50
0	G000299355	50
1	G000297875	50
1	G000304715	50
2	G000308395	50
1	G000298375	50
4	G000312565	50
5	G000323565	50
0	G000317995	50
0	G000317795	50
0	G000312405	50
1	G000285555	50
0	G000324305	50
1	G000317245	50
2	G000321165	50
0	G000324985	50
7	G000325745	50
3	G000331005	50
0	G000332155	50
6	G000333455	50
0	G000332255	50
8	G000337475	50
1	G000334455	50
1	G000320345	50
2	G000347835	50
13	G000340825	50
0	G000342725	50
2	G000349545	50
1	G000350605	50
0	G000372465	50
1	G000369145	50
2	G000350525	50
9	G000372285	50
2	G000375545	50
0	G000374545	50
0	G000377785	50
0	G000374145	50
8	G000383835	50
7	G000378085	50
0	G000378485	50
0	G000381525	50
1	G000384935	50
0	G000385135	50
0	G000380565	50
3	G000403455	50
0	G000383315	50
0	G000374585	50
5	G000402355	50
3	G000403475	50
0	G000406785	50
4	G000407605	50
1	G000409815	50
1	G000410435	50
0	G000413035	50
0	G000415145	50
2	G000416315	50
3	G000411375	50
1	G000421605	50
2	G000418515	50
0	G000420205	50
0	G000422205	50
3	G000421625	50
1	G000423025	50
0	G000422785	50
1	G000427665	50
1	G000424445	50
3	G000429305	50
1	G000431355	50
0	G000431175	50
0	G000423165	50
1	G000424545	50
1	G000426305	50
6	G000423745	50
2	G000429325	50
0	G000431695	50
13	G000433415	50
0	G000433955	50
0	G000435995	50
0	G000429785	50
0	G000436855	50
0	G000436895	50
1	G000438455	50
0	G000444605	50
5	G000472605	50
0	G000466165	50
4	G000478845	50
0	G000463075	50
0	G000480315	50
0	G000482805	50
0	G000478645	50
3	G000495495	50
1	G000495505	50
0	G000500065	50
8	G000496175	50
10	G000517565	50
3	G000517625	50
6	G000501615	50
10	G000518205	50
2	G000518365	50
14	G000512235	50
1	G000518805	50
6	G000518685	50
0	G000525675	50
0	G000512735	50
0	G000526255	50
5	G000526675	50
0	G000531125	50
0	G000550765	50
1	G000576045	50
0	G000619845	50
0	G000576575	50
0	G000612445	50
0	G000621325	50
0	G000620045	50
0	G000621665	50
0	G000691645	50
5	G000626675	50
0	G000700905	50
0	G000709735	50
0	G000691685	50
0	G000718015	50
1	G000691725	50
1	G000710465	50
0	G000701465	50
1	G000698595	50
0	G000737335	50
0	G000718985	50
0	G000712635	50
0	G000745395	50
0	G000756655	50
2	G000757725	50
0	G000751775	50
2	G000719975	50
7	G000746195	50
0	G000755385	50
6	G000759025	50
1	G000759445	50
0	G000759065	50
1	G000760235	50
2	G000759655	50
0	G000760735	50
2	G000763135	50
0	G000767135	50
0	G000764205	50
0	G000768705	50
2	G000769655	50
0	G000813665	50
2	G000771955	50
1	G000956475	50
0	G000950575	50
1	G000934725	50
2	G000816085	50
0	G000787835	50
0	G000828915	50
0	G000951135	50
0	G000967895	50
0	G000961655	50
4	G000981785	50
1	G000980495	50
0	G000991935	50
3	G000970285	50
0	G000987765	50
1	G000989775	50
0	G000992165	50
2	G000992205	50
1	G000992365	50
0	G000992745	50
1	G000993305	50
0	G000993595	50
0	G000994465	50
1	G000996035	50
0	G000998555	50
0	G000995125	50
1	G001001445	50
0	G001000505	50
0	G001001925	50
0	G000997945	50
0	G001002285	50
0	G000999175	50
1	G001002405	50
1	G001002345	50
0	G001005015	50
3	G001003415	50
1	G001003585	50
5	G001021975	50
0	G001015055	50
0	G001029295	50
6	G001028625	50
1	G001000125	50
4	G001047215	50
0	G001027925	50
2	G001007625	50
0	G001276615	50
1	G001056295	50
3	G001283625	50
2	G001189495	50
1	G001303125	50
8	G001299475	50
8	G001310395	50
0	G001310815	50
0	G001310455	50
5	G001316025	50
14	G001263755	50
0	G001314905	50
0	G001401795	50
0	G001402795	50
0	G001403615	50
0	G001418015	50
2	G001422215	50
2	G001316245	50
1	G001412595	50
0	G001420285	50
1	G001423695	50
5	G001426545	50
2	G001425835	50
0	G001425085	50
1	G001427875	50
2	G001422605	50
0	G001428065	50
0	G001427985	50
3	G001430825	50
0	G001434225	50
2	G001434695	50
1	G001431505	50
2	G001436045	50
0	G001435695	50
0	G001435585	50
1	G001437075	50
6	G001438015	50
3	G001438315	50
0	G001438085	50
1	G001462175	50
1	G001462305	50
0	G001442615	50
0	G001439215	50
2	G001462315	50
0	G001508895	50
5	G001469955	50
0	G001465855	50
0	G001464125	50
1	G001507995	50
1	G001475745	50
2	G001510075	50
14	G001464455	50
0	G001516705	50
3	G001543385	50
3	G001510185	50
0	G001513315	50
0	G001545115	50
0	G001550135	50
0	G001548375	50
1	G001553605	50
1	G001560275	50
8	G001563795	50
0	G001567275	50
0	G001577185	50
2	G001578205	50
8	G001583415	50
0	G001583435	50
0	G001590785	50
0	G001592745	50
0	G001598215	50
0	G001601575	50
12	G001603205	50
8	G001604025	50
15	G001604005	50
0	G001603795	50
1	G001625535	50
0	G001603225	50
2	G001618885	50
1	G001627595	50
0	G001627095	50
1	G001627795	50
1	G001632485	50
1	G001625515	50
0	G001632005	50
15	G001643535	50
3	G001656105	50
1	G001673105	50
0	G001678845	50
0	G001705725	50
2	G001693275	50
0	G001713665	50
0	G001730525	50
5	G001742205	50
0	G001770165	50
3	G001767575	50
1	G001772885	50
1	G001772795	50
1	G001768305	50
0	G001773055	50
0	G001773615	50
0	G001775965	50
0	G001776855	50
0	G001773295	50
11	G001780385	50
1	G001780275	50
1	G001780445	50
0	G001783215	50
0	G001785695	50
0	G001788225	50
0	G001789805	50
1	G001787555	50
3	G001787885	50
2	G001789965	50
1	G001792935	50
1	G001790035	50
0	G001790575	50
1	G001793975	50
1	G001793355	50
1	G001796575	50
0	G001794605	50
1	G001795085	50
1	G001796655	50
1	G001798315	50
9	G001798265	50
0	G001797045	50
0	G001799255	50
0	G001799925	50
0	G001801315	50
10	G001800495	50
0	G001801405	50
2	G001803785	50
0	G001804205	50
1	G001805025	50
0	G001805765	50
1	G001817035	50
0	G001819135	50
0	G001817915	50
1	G001820325	50
0	G001819635	50
0	G001819535	50
1	G001821115	50
0	G001821135	50
1	G001823055	50
0	G001822935	50
2	G001820905	50
0	G001823545	50
1	G001824645	50
0	G001821295	50
0	G001825635	50
0	G001825715	50
0	G001830115	50
0	G001828265	50
3	G001830895	50
1	G001830975	50
1	G001858125	50
2	G001868315	50
5	G001867915	50
6	G001871575	50
0	G001871895	50
1	G001829625	50
0	G001872225	50
5	G001867615	50
0	G001873515	50
0	G001872265	50
5	G001872995	50
2	G001873495	50
3	G001872305	50
1	G001872735	50
0	G001874625	50
2	G001873875	50
0	G001876055	50
8	G001898035	50
0	G001898575	50
1	G001914235	50
0	G001904635	50
0	G001916175	50
0	G001916695	50
1	G001917115	50
0	G001917965	50
1	G001917125	50
0	G001917575	50
0	G001918595	50
1	G001931535	50
0	G001922575	50
4	G001955715	50
1	G001932755	50
1	G001952075	50
0	G001919715	50
1	G002005465	50
0	G001983655	50
2	G001999965	50
0	G002009965	50
0	G002010195	50
0	G002011425	50
2	G002010615	50
2	G002009975	50
14	G002011745	50
0	G002020795	50
2	G002017915	50
0	G002021235	50
2	G002021255	50
0	G900100455	50
0	G900100765	50
0	G900002265	50
1	G900101395	50
0	G900104155	50
0	G900103915	50
0	G900103125	50
1	G900107785	50
0	G900110905	50
0	G900113925	50
0	G900109475	50
0	G900129305	50
0	G900110995	50
0	G900119095	50
1	G900141935	50
16	G900129875	50
4	G900141825	50
0	G900142675	50
2	G900156245	50
0	G000023465	100
3	G000022325	100
0	G000017465	100
9	G000015645	100
1	G000025625	100
7	G000023945	100
4	G000010645	100
0	G000008745	100
2	G000014285	100
1	G000016425	100
0	G000024165	100
0	G000007925	100
2	G000023985	100
1	G000016345	100
2	G000015805	100
0	G000024545	100
1	G000025605	100
3	G000015025	100
0	G000011905	100
0	G000017685	100
4	G000010565	100
1	G000019525	100
0	G000011565	100
1	G000024665	100
2	G000014425	100
1	G000018265	100
0	G000008265	100
8	G000025005	100
0	G000026125	100
0	G000055785	100
0	G000153885	100
0	G000152065	100
4	G000153725	100
0	G000154305	100
0	G000153345	100
0	G000155875	100
0	G000168715	100
1	G000143165	100
0	G000165795	100
0	G000147835	100
0	G000168775	100
0	G000158075	100
11	G000152805	100
0	G000168295	100
0	G000158935	100
0	G000169175	100
0	G000169335	100
9	G000160115	100
0	G000154285	100
0	G000176855	100
1	G000156055	100
0	G000175575	100
0	G000178835	100
0	G000171775	100
0	G000180175	100
0	G000177615	100
0	G000214335	100
7	G000219175	100
2	G000196355	100
0	G000180455	100
12	G000188195	100
5	G000213935	100
0	G000225525	100
2	G000190575	100
0	G000227665	100
0	G000183725	100
0	G000191925	100
1	G000220625	100
3	G000192985	100
0	G000237805	100
2	G000228205	100
0	G000238395	100
1	G000240505	100
0	G000231445	100
0	G000227505	100
1	G000234805	100
0	G000241465	100
4	G000242095	100
0	G000245015	100
1	G000253295	100
0	G000244975	100
0	G000255295	100
1	G000243815	100
4	G000255555	100
7	G000282995	100
3	G000258425	100
1	G000297875	100
1	G000285555	100
7	G000284255	100
1	G000298375	100
1	G000308395	100
0	G000312405	100
1	G000286115	100
0	G000299355	100
1	G000304715	100
1	G000285795	100
5	G000317795	100
1	G000317245	100
3	G000323565	100
4	G000312565	100
0	G000324305	100
3	G000324985	100
1	G000320345	100
0	G000317995	100
2	G000321165	100
0	G000331005	100
7	G000325745	100
0	G000332155	100
6	G000333455	100
1	G000334455	100
0	G000332255	100
7	G000337475	100
1	G000350605	100
13	G000340825	100
2	G000350525	100
0	G000342725	100
9	G000372285	100
2	G000347835	100
0	G000374145	100
0	G000372465	100
0	G000374585	100
4	G000349545	100
1	G000369145	100
2	G000375545	100
0	G000380565	100
0	G000377785	100
0	G000381525	100
0	G000374545	100
0	G000383315	100
7	G000378085	100
1	G000378485	100
0	G000385135	100
8	G000383835	100
0	G000402355	100
1	G000384935	100
3	G000403455	100
0	G000406785	100
4	G000407605	100
6	G000403475	100
1	G000409815	100
3	G000411375	100
0	G000413035	100
1	G000421605	100
0	G000420205	100
1	G000410435	100
0	G000415145	100
1	G000418515	100
2	G000416315	100
3	G000421625	100
6	G000423745	100
1	G000423025	100
1	G000424545	100
1	G000424445	100
0	G000422205	100
0	G000423165	100
1	G000426305	100
0	G000422785	100
2	G000429325	100
1	G000427665	100
3	G000429305	100
1	G000431175	100
1	G000431355	100
0	G000433955	100
0	G000429785	100
0	G000435995	100
0	G000431695	100
13	G000433415	100
0	G000436855	100
5	G000438455	100
0	G000436895	100
7	G000444605	100
0	G000463075	100
4	G000472605	100
1	G000482805	100
0	G000466165	100
0	G000480315	100
1	G000478845	100
1	G000495505	100
3	G000495495	100
0	G000478645	100
1	G000496175	100
6	G000501615	100
10	G000517565	100
0	G000500065	100
11	G000512235	100
0	G000512735	100
2	G000517625	100
10	G000518205	100
0	G000525675	100
2	G000518365	100
1	G000518805	100
6	G000518685	100
5	G000526675	100
0	G000531125	100
0	G000526255	100
0	G000550765	100
1	G000576045	100
0	G000612445	100
0	G000621665	100
0	G000619845	100
0	G000576575	100
0	G000620045	100
0	G000691685	100
0	G000621325	100
0	G000698595	100
5	G000626675	100
0	G000691645	100
0	G000691725	100
1	G000710465	100
3	G000718985	100
0	G000709735	100
0	G000701465	100
0	G000737335	100
9	G000746195	100
2	G000719975	100
2	G000718015	100
0	G000712635	100
0	G000745395	100
0	G000751775	100
6	G000759025	100
0	G000755385	100
2	G000757725	100
0	G000759065	100
0	G000756655	100
1	G000759445	100
1	G000759655	100
2	G000763135	100
1	G000760235	100
0	G000764205	100
0	G000760735	100
0	G000768705	100
0	G000787835	100
2	G000769655	100
0	G000813665	100
0	G000767135	100
0	G000950575	100
2	G000771955	100
2	G000816085	100
0	G000828915	100
1	G000934725	100
0	G000961655	100
1	G000970285	100
1	G000951135	100
0	G000967895	100
2	G000956475	100
1	G000980495	100
4	G000981785	100
0	G000987765	100
0	G000991935	100
0	G000992165	100
2	G000989775	100
3	G000992205	100
0	G000992745	100
1	G000992365	100
0	G000993595	100
1	G000993305	100
0	G000995125	100
0	G000994465	100
1	G000996035	100
4	G000998555	100
1	G001001445	100
0	G001001925	100
0	G000999175	100
0	G001000505	100
0	G000997945	100
1	G001000125	100
1	G001002285	100
1	G001002405	100
0	G001015055	100
1	G001002345	100
2	G001007625	100
0	G001005015	100
2	G001003415	100
5	G001021975	100
6	G001028625	100
0	G001027925	100
2	G001047215	100
0	G001029295	100
4	G001189495	100
1	G001056295	100
14	G001263755	100
0	G001276615	100
3	G001283625	100
8	G001299475	100
8	G001310395	100
1	G001303125	100
0	G001402795	100
0	G001310815	100
0	G001310455	100
0	G001403615	100
4	G001316245	100
0	G001401795	100
0	G001314905	100
5	G001316025	100
1	G001412595	100
0	G001418015	100
2	G001422215	100
2	G001422605	100
0	G001420285	100
0	G001425085	100
5	G001426545	100
1	G001423695	100
2	G001427875	100
2	G001425835	100
0	G001427985	100
0	G001428065	100
0	G001431505	100
0	G001430825	100
0	G001434225	100
0	G001435585	100
2	G001434695	100
0	G001435695	100
2	G001436045	100
1	G001437075	100
0	G001438085	100
3	G001438315	100
0	G001442615	100
0	G001438695	100
6	G001438015	100
0	G001439215	100
1	G001462175	100
0	G001464125	100
1	G001462305	100
5	G001469955	100
2	G001462315	100
1	G001464455	100
2	G001510075	100
0	G001508895	100
1	G001507995	100
1	G001475745	100
0	G001465855	100
0	G001513315	100
0	G001510185	100
0	G001516705	100
3	G001543385	100
0	G001545115	100
0	G001548375	100
1	G001553605	100
5	G001559975	100
0	G001550135	100
1	G001560275	100
8	G001563795	100
0	G001560465	100
0	G001577185	100
2	G001578205	100
3	G001567275	100
0	G001590785	100
8	G001583415	100
0	G001583435	100
0	G001592745	100
0	G001598215	100
0	G001601575	100
11	G001603205	100
1	G001625515	100
0	G001603225	100
2	G001618885	100
3	G001603795	100
15	G001604005	100
8	G001604025	100
0	G001625535	100
1	G001627095	100
2	G001627595	100
5	G001627795	100
0	G001632005	100
1	G001632485	100
11	G001643535	100
3	G001656105	100
2	G001673105	100
0	G001678845	100
0	G001730525	100
5	G001742205	100
2	G001693275	100
0	G001713665	100
0	G001770165	100
3	G001767575	100
3	G001705725	100
1	G001772885	100
1	G001768305	100
3	G001773055	100
1	G001772795	100
0	G001773295	100
0	G001775965	100
0	G001776855	100
0	G001773615	100
1	G001780275	100
0	G001780445	100
11	G001780385	100
0	G001783215	100
1	G001787555	100
0	G001785695	100
3	G001787885	100
0	G001788225	100
0	G001789805	100
2	G001789965	100
0	G001792935	100
1	G001795085	100
0	G001790575	100
1	G001790035	100
1	G001793355	100
1	G001796575	100
1	G001793975	100
0	G001794605	100
9	G001798265	100
1	G001797045	100
0	G001799925	100
1	G001798315	100
0	G001796655	100
0	G001800495	100
0	G001799255	100
0	G001801315	100
1	G001805025	100
0	G001804205	100
1	G001803785	100
0	G001801405	100
0	G001805765	100
1	G001817035	100
0	G001817915	100
0	G001819135	100
2	G001819535	100
0	G001819635	100
2	G001820905	100
1	G001821115	100
2	G001820325	100
1	G001823055	100
0	G001823545	100
0	G001821135	100
3	G001821295	100
1	G001824645	100
0	G001822935	100
0	G001825715	100
1	G001825635	100
1	G001829625	100
0	G001828265	100
0	G001830115	100
2	G001867615	100
3	G001830895	100
2	G001830975	100
5	G001867915	100
6	G001868315	100
1	G001858125	100
5	G001871575	100
0	G001871895	100
0	G001872265	100
0	G001872225	100
2	G001872305	100
0	G001872735	100
3	G001872995	100
2	G001873495	100
2	G001873875	100
0	G001873515	100
0	G001874625	100
0	G001898575	100
0	G001904635	100
0	G001916695	100
0	G001898035	100
1	G001914235	100
1	G001917125	100
0	G001916175	100
1	G001917115	100
0	G001917575	100
0	G001917965	100
0	G001922575	100
1	G001931535	100
1	G001932755	100
0	G001919715	100
0	G001918595	100
1	G001952075	100
0	G001983655	100
4	G001955715	100
2	G001999965	100
1	G002005465	100
1	G002009975	100
0	G002009965	100
0	G002010195	100
6	G002010615	100
17	G002011745	100
2	G002017915	100
1	G002021255	100
0	G900100455	100
0	G900053745	100
2	G002021235	100
0	G900002265	100
0	G002020795	100
1	G900101395	100
10	G900100765	100
0	G900103915	100
0	G900103125	100
0	G900104155	100
0	G900109475	100
0	G900119095	100
0	G900129305	100
0	G900110905	100
16	G900129875	100
4	G900141825	100
0	G900110995	100
0	G900141935	100
0	G002011425	100
0	G900142675	100
0	G900113925	100
2	G900156245	100
9	G000015645	200
1	G000018265	200
3	G000022325	200
4	G000010645	200
2	G000015805	200
0	G000023465	200
4	G000010565	200
0	G000011565	200
2	G000014285	200
0	G000008745	200
0	G000024165	200
1	G000024665	200
2	G000023985	200
8	G000025005	200
0	G000017685	200
5	G000025625	200
1	G000016345	200
0	G000011905	200
0	G000008265	200
1	G000017465	200
0	G000024545	200
0	G000007925	200
0	G000015025	200
1	G000025605	200
2	G000014425	200
1	G000016425	200
1	G000019525	200
7	G000023945	200
0	G000026125	200
1	G000143165	200
0	G000152065	200
0	G000155875	200
0	G000055785	200
0	G000154305	200
0	G000168295	200
1	G000156055	200
0	G000154285	200
0	G000168775	200
0	G000165795	200
0	G000147835	200
4	G000153725	200
0	G000158935	200
0	G000177615	200
0	G000153345	200
11	G000152805	200
9	G000160115	200
0	G000169175	200
0	G000168715	200
0	G000158075	200
0	G000153885	200
0	G000176855	200
0	G000175575	200
0	G000171775	200
0	G000178835	200
0	G000169335	200
0	G000180175	200
0	G000180455	200
2	G000190575	200
0	G000191925	200
12	G000188195	200
0	G000196355	200
5	G000213935	200
0	G000238395	200
0	G000225525	200
0	G000214335	200
2	G000228205	200
2	G000227505	200
1	G000234805	200
3	G000192985	200
0	G000183725	200
1	G000240505	200
7	G000219175	200
0	G000241465	200
0	G000237805	200
1	G000220625	200
4	G000242095	200
0	G000231445	200
1	G000243815	200
0	G000244975	200
1	G000253295	200
0	G000255295	200
3	G000255555	200
0	G000245015	200
0	G000227665	200
3	G000258425	200
0	G000284255	200
1	G000285555	200
1	G000285795	200
4	G000282995	200
0	G000299355	200
1	G000317245	200
0	G000297875	200
0	G000298375	200
2	G000308395	200
1	G000304715	200
4	G000312565	200
1	G000286115	200
0	G000317995	200
5	G000317795	200
0	G000321165	200
0	G000312405	200
11	G000324305	200
5	G000323565	200
1	G000320345	200
9	G000324985	200
7	G000325745	200
2	G000331005	200
0	G000332255	200
0	G000332155	200
8	G000337475	200
6	G000333455	200
0	G000334455	200
13	G000340825	200
0	G000342725	200
4	G000349545	200
2	G000347835	200
2	G000350525	200
0	G000374545	200
1	G000369145	200
4	G000375545	200
0	G000374585	200
9	G000372285	200
1	G000350605	200
0	G000372465	200
0	G000380565	200
0	G000377785	200
0	G000374145	200
0	G000378485	200
7	G000378085	200
0	G000381525	200
9	G000383835	200
0	G000383315	200
0	G000384935	200
0	G000385135	200
0	G000402355	200
2	G000403455	200
3	G000403475	200
4	G000407605	200
0	G000406785	200
1	G000409815	200
0	G000410435	200
0	G000415145	200
2	G000416315	200
1	G000420205	200
2	G000418515	200
3	G000411375	200
1	G000421605	200
0	G000413035	200
3	G000421625	200
0	G000423165	200
0	G000422785	200
0	G000422205	200
1	G000423025	200
1	G000424545	200
6	G000423745	200
1	G000426305	200
1	G000424445	200
3	G000429305	200
1	G000427665	200
1	G000431175	200
0	G000429785	200
1	G000431355	200
2	G000429325	200
0	G000431695	200
0	G000435995	200
0	G000436895	200
12	G000433415	200
0	G000436855	200
1	G000438455	200
9	G000444605	200
4	G000472605	200
0	G000463075	200
1	G000478845	200
0	G000482805	200
0	G000466165	200
0	G000478645	200
1	G000495505	200
3	G000495495	200
0	G000480315	200
0	G000500065	200
1	G000496175	200
6	G000501615	200
0	G000512735	200
10	G000517565	200
10	G000512235	200
2	G000518365	200
1	G000518805	200
10	G000518205	200
6	G000518685	200
3	G000517625	200
0	G000526255	200
0	G000525675	200
5	G000526675	200
1	G000576045	200
0	G000550765	200
0	G000531125	200
0	G000612445	200
0	G000576575	200
0	G000621665	200
0	G000619845	200
1	G000691725	200
0	G000701465	200
0	G000620045	200
0	G000698595	200
0	G000691645	200
0	G000621325	200
0	G000691685	200
5	G000626675	200
0	G000709735	200
0	G000712635	200
2	G000718015	200
1	G000710465	200
0	G000719975	200
0	G000737335	200
0	G000751775	200
0	G000756655	200
0	G000745395	200
5	G000718985	200
0	G000755385	200
7	G000746195	200
2	G000757725	200
0	G000759065	200
6	G000759025	200
0	G000759445	200
2	G000759655	200
0	G000760735	200
0	G000764205	200
2	G000763135	200
2	G000769655	200
1	G000760235	200
0	G000767135	200
2	G000771955	200
2	G000768705	200
0	G000813665	200
0	G000787835	200
0	G000828915	200
0	G000950575	200
2	G000816085	200
1	G000934725	200
0	G000967895	200
1	G000956475	200
1	G000951135	200
0	G000961655	200
1	G000980495	200
0	G000987765	200
0	G000970285	200
4	G000981785	200
0	G000991935	200
1	G000989775	200
0	G000992165	200
3	G000992205	200
1	G000992365	200
0	G000992745	200
0	G000993595	200
1	G000993305	200
0	G000994465	200
0	G000999175	200
0	G000997945	200
4	G000998555	200
3	G000996035	200
1	G001000125	200
3	G001002345	200
1	G001002285	200
0	G001001925	200
1	G001001445	200
0	G001000505	200
2	G001007625	200
1	G001002405	200
2	G001003415	200
0	G001015055	200
0	G000995125	200
0	G001005015	200
0	G001027925	200
0	G001029295	200
6	G001028625	200
5	G001021975	200
1	G001056295	200
3	G001189495	200
2	G001047215	200
14	G001263755	200
3	G001283625	200
0	G001276615	200
0	G001303125	200
2	G001299475	200
0	G001310455	200
1	G001310815	200
8	G001310395	200
0	G001314905	200
0	G001401795	200
0	G001412595	200
0	G001403615	200
3	G001316245	200
0	G001402795	200
0	G001418015	200
5	G001316025	200
0	G001420285	200
2	G001422215	200
0	G001423695	200
2	G001422605	200
0	G001425085	200
5	G001426545	200
1	G001427875	200
0	G001427985	200
0	G001428065	200
2	G001425835	200
0	G001430825	200
0	G001434225	200
0	G001431505	200
2	G001434695	200
0	G001435585	200
0	G001435695	200
2	G001436045	200
0	G001438085	200
6	G001438015	200
1	G001437075	200
3	G001438315	200
1	G001438695	200
2	G001439215	200
1	G001462305	200
2	G001462315	200
1	G001462175	200
0	G001442615	200
5	G001469955	200
0	G001465855	200
1	G001507995	200
0	G001464125	200
1	G001475745	200
8	G001510075	200
1	G001464455	200
0	G001510185	200
0	G001513315	200
0	G001508895	200
0	G001516705	200
3	G001543385	200
0	G001545115	200
0	G001548375	200
0	G001550135	200
1	G001553605	200
0	G001559975	200
5	G001560465	200
1	G001560275	200
8	G001563795	200
7	G001583415	200
3	G001567275	200
0	G001583435	200
0	G001578205	200
0	G001592745	200
0	G001577185	200
0	G001590785	200
11	G001603205	200
0	G001598215	200
0	G001601575	200
13	G001604005	200
0	G001603225	200
4	G001603795	200
8	G001604025	200
1	G001625515	200
2	G001618885	200
1	G001627595	200
0	G001627095	200
5	G001627795	200
1	G001632005	200
1	G001632485	200
1	G001625535	200
8	G001643535	200
1	G001673105	200
3	G001656105	200
2	G001693275	200
0	G001678845	200
2	G001705725	200
6	G001767575	200
1	G001768305	200
5	G001742205	200
0	G001770165	200
0	G001713665	200
0	G001730525	200
1	G001772885	200
1	G001772795	200
3	G001773055	200
0	G001776855	200
0	G001773615	200
0	G001773295	200
0	G001775965	200
11	G001780385	200
0	G001785695	200
1	G001780275	200
0	G001783215	200
0	G001780445	200
1	G001787555	200
3	G001787885	200
0	G001788225	200
0	G001789805	200
1	G001790035	200
2	G001789965	200
0	G001790575	200
1	G001793355	200
0	G001792935	200
0	G001793975	200
1	G001795085	200
1	G001796655	200
1	G001796575	200
1	G001797045	200
8	G001798265	200
0	G001798315	200
0	G001794605	200
0	G001799255	200
0	G001800495	200
0	G001801315	200
0	G001801405	200
2	G001803785	200
0	G001799925	200
0	G001804205	200
0	G001805765	200
1	G001817035	200
1	G001805025	200
0	G001817915	200
0	G001819135	200
0	G001819535	200
0	G001819635	200
2	G001820325	200
1	G001820905	200
0	G001821115	200
3	G001821135	200
3	G001821295	200
0	G001823055	200
0	G001822935	200
0	G001823545	200
1	G001824645	200
1	G001829625	200
0	G001825635	200
0	G001825715	200
0	G001830115	200
0	G001828265	200
3	G001830895	200
2	G001858125	200
2	G001867615	200
2	G001830975	200
6	G001868315	200
4	G001867915	200
5	G001871575	200
0	G001871895	200
0	G001872225	200
0	G001872265	200
2	G001872305	200
0	G001872735	200
3	G001872995	200
0	G001873495	200
2	G001873875	200
0	G001874625	200
0	G001873515	200
1	G001876055	200
0	G001898575	200
8	G001898035	200
0	G001904635	200
0	G001917115	200
1	G001917125	200
0	G001917575	200
0	G001916695	200
0	G001914235	200
0	G001916175	200
0	G001917965	200
0	G001919715	200
11	G001918595	200
0	G001922575	200
1	G001931535	200
1	G001952075	200
1	G001932755	200
2	G001999965	200
0	G001983655	200
3	G001955715	200
3	G002005465	200
0	G002009965	200
1	G002009975	200
0	G002010195	200
6	G002010615	200
0	G002011425	200
21	G002011745	200
2	G002017915	200
1	G002020795	200
0	G900002265	200
4	G002021235	200
2	G900100765	200
0	G900100455	200
0	G900053745	200
1	G900101395	200
0	G900103125	200
0	G900103915	200
0	G900104155	200
0	G002021255	200
0	G900109475	200
0	G900110905	200
16	G900129875	200
0	G900129305	200
0	G900113925	200
4	G900141825	200
0	G900110995	200
1	G900141935	200
0	G900119095	200
0	G900142675	200
2	G900156245	200
