.2536	0.5_0.5	5.5	01	022
.2254	0.5_0.5	5.5	01	029
.2673	0.5_0.5	5.5	01	008
.2858	0.5_0.5	5.5	01	002
.2993	0.5_0.5	5.5	01	017
.2927	0.5_0.5	5.5	01	006
.2735	0.5_0.5	5.5	01	013
.3181	0.5_0.5	5.5	01	004
.3051	0.5_0.5	5.5	01	011
.3456	0.5_0.5	5.5	01	005
.3467	0.5_0.5	5.5	01	016
.3551	0.5_0.5	5.5	01	012
.3741	0.5_0.5	5.5	01	014
.3034	0.5_0.5	5.5	01	032
.379	0.5_0.5	5.5	01	007
.3425	0.5_0.5	5.5	01	001
.288	0.5_0.5	5.5	01	028
.3041	0.5_0.5	5.5	01	023
.3453	0.5_0.5	5.5	01	031
.3229	0.5_0.5	5.5	01	010
.3465	0.5_0.5	5.5	01	019
.3773	0.5_0.5	5.5	01	015
.4476	0.5_0.5	5.5	01	018
.4464	0.5_0.5	5.5	01	030
.4038	0.5_0.5	5.5	01	025
.4422	0.5_0.5	5.5	01	020
.413	0.5_0.5	5.5	01	024
.4078	0.5_0.5	5.5	01	026
.5408	0.5_0.5	5.5	01	027
.5753	0.5_0.5	5.5	01	009
.4672	0.5_0.5	5.5	01	021
.5248	0.5_0.5	5.5	01	003
.3268	0.5_0.5	5.5	01	033
.2901	0.5_0.5	5.5	01	037
.2551	0.5_0.5	5.5	01	039
.3742	0.5_0.5	5.5	01	034
.3575	0.5_0.5	5.5	01	035
.346	0.5_0.5	5.5	01	036
.2608	0.5_0.5	5.5	01	049
.3098	0.5_0.5	5.5	01	040
.3335	0.5_0.5	5.5	01	038
.3162	0.5_0.5	5.5	01	044
.3155	0.5_0.5	5.5	01	042
.3438	0.5_0.5	5.5	01	043
.3112	0.5_0.5	5.5	01	047
.291	0.5_0.5	5.5	01	052
.354	0.5_0.5	5.5	01	048
.4104	0.5_0.5	5.5	01	041
.2797	0.5_0.5	5.5	01	060
.264	0.5_0.5	5.5	01	055
.3487	0.5_0.5	5.5	01	045
.2718	0.5_0.5	5.5	01	061
.3645	0.5_0.5	5.5	01	053
.3526	0.5_0.5	5.5	01	046
.4264	0.5_0.5	5.5	01	050
.3889	0.5_0.5	5.5	01	051
.3817	0.5_0.5	5.5	01	057
.3353	0.5_0.5	5.5	01	058
.3744	0.5_0.5	5.5	01	056
.4288	0.5_0.5	5.5	01	054
.3745	0.5_0.5	5.5	01	062
.3788	0.5_0.5	5.5	01	063
.3671	0.5_0.5	5.5	01	064
.4222	0.5_0.5	5.5	01	059
.2698	0.5_0.5	5.5	01	067
.2975	0.5_0.5	5.5	01	066
.3183	0.5_0.5	5.5	01	065
.3343	0.5_0.5	5.5	01	068
.3477	0.5_0.5	5.5	01	074
.3469	0.5_0.5	5.5	01	070
.3776	0.5_0.5	5.5	01	071
.3981	0.5_0.5	5.5	01	075
.3385	0.5_0.5	5.5	01	080
.318	0.5_0.5	5.5	01	078
.4042	0.5_0.5	5.5	01	073
.329	0.5_0.5	5.5	01	084
.2934	0.5_0.5	5.5	01	083
.445	0.5_0.5	5.5	01	069
.4424	0.5_0.5	5.5	01	072
.4493	0.5_0.5	5.5	01	077
.4716	0.5_0.5	5.5	01	076
.3229	0.5_0.5	5.5	01	090
.3951	0.5_0.5	5.5	01	085
.4145	0.5_0.5	5.5	01	082
.4807	0.5_0.5	5.5	01	079
.436	0.5_0.5	5.5	01	088
.3642	0.5_0.5	5.5	01	086
.4319	0.5_0.5	5.5	01	081
.4142	0.5_0.5	5.5	01	087
.4709	0.5_0.5	5.5	01	089
.3401	0.5_0.5	5.5	01	093
.3554	0.5_0.5	5.5	01	091
.4434	0.5_0.5	5.5	01	092
.304	0.5_0.5	5.5	01	096
.3612	0.5_0.5	5.5	01	095
.4064	0.5_0.5	5.5	01	094
.3145	0.5_0.5	5.5	01	097
.2982	0.5_0.5	5.5	01	098
.3493	0.5_0.5	5.5	01	099
.3229	0.5_0.5	5.5	02	001
.3624	0.5_0.5	5.5	02	002
.3248	0.5_0.5	5.5	02	003
.337	0.5_0.5	5.5	02	006
.3001	0.5_0.5	5.5	02	012
.3598	0.5_0.5	5.5	02	005
.5231	0.5_0.5	5.5	01	100
.2933	0.5_0.5	5.5	02	019
.3672	0.5_0.5	5.5	02	011
.3143	0.5_0.5	5.5	02	017
.2551	0.5_0.5	5.5	02	020
.3587	0.5_0.5	5.5	02	015
.3391	0.5_0.5	5.5	02	018
.4601	0.5_0.5	5.5	02	004
.4112	0.5_0.5	5.5	02	010
.305	0.5_0.5	5.5	02	021
.4319	0.5_0.5	5.5	02	013
.2964	0.5_0.5	5.5	02	025
.5169	0.5_0.5	5.5	02	009
.4306	0.5_0.5	5.5	02	016
.5489	0.5_0.5	5.5	02	007
.4301	0.5_0.5	5.5	02	022
.4325	0.5_0.5	5.5	02	024
.6637	0.5_0.5	5.5	02	014
.3526	0.5_0.5	5.5	02	026
.5429	0.5_0.5	5.5	02	023
.4536	0.5_0.5	5.5	02	028
.7333	0.5_0.5	5.5	02	008
.501	0.5_0.5	5.5	02	027
.2667	0.5_0.5	5.5	02	029
.3453	0.5_0.5	5.5	02	031
.3833	0.5_0.5	5.5	02	030
.3199	0.5_0.5	5.5	02	034
.3752	0.5_0.5	5.5	02	032
.3061	0.5_0.5	5.5	02	038
.359	0.5_0.5	5.5	02	036
.4061	0.5_0.5	5.5	02	035
.3645	0.5_0.5	5.5	02	037
.2677	0.5_0.5	5.5	02	041
.3432	0.5_0.5	5.5	02	040
.4988	0.5_0.5	5.5	02	033
.2555	0.5_0.5	5.5	02	045
.4327	0.5_0.5	5.5	02	039
.3467	0.5_0.5	5.5	02	042
.3188	0.5_0.5	5.5	02	046
.3312	0.5_0.5	5.5	02	044
.2851	0.5_0.5	5.5	02	047
.3236	0.5_0.5	5.5	02	048
.4682	0.5_0.5	5.5	02	043
.3464	0.5_0.5	5.5	02	052
.4322	0.5_0.5	5.5	02	049
.36	0.5_0.5	5.5	02	050
.3175	0.5_0.5	5.5	02	056
.3596	0.5_0.5	5.5	02	054
.3972	0.5_0.5	5.5	02	051
.355	0.5_0.5	5.5	02	055
.4072	0.5_0.5	5.5	02	053
.4089	0.5_0.5	5.5	02	058
.4113	0.5_0.5	5.5	02	057
.4037	0.5_0.5	5.5	02	060
.4986	0.5_0.5	5.5	02	059
.3577	0.5_0.5	5.5	02	061
.3958	0.5_0.5	5.5	02	063
.2863	0.5_0.5	5.5	02	064
.4314	0.5_0.5	5.5	02	062
.2711	0.5_0.5	5.5	02	069
.2486	0.5_0.5	5.5	02	074
.4476	0.5_0.5	5.5	02	065
.372	0.5_0.5	5.5	02	070
.2898	0.5_0.5	5.5	02	075
.3399	0.5_0.5	5.5	02	073
.2818	0.5_0.5	5.5	02	078
.4926	0.5_0.5	5.5	02	066
.3818	0.5_0.5	5.5	02	077
.3017	0.5_0.5	5.5	02	079
.4755	0.5_0.5	5.5	02	071
.5153	0.5_0.5	5.5	02	067
.453	0.5_0.5	5.5	02	076
.4782	0.5_0.5	5.5	02	072
.3213	0.5_0.5	5.5	02	081
.3312	0.5_0.5	5.5	02	080
.5683	0.5_0.5	5.5	02	068
.3399	0.5_0.5	5.5	02	083
.3675	0.5_0.5	5.5	02	086
.3786	0.5_0.5	5.5	02	082
.3512	0.5_0.5	5.5	02	087
.3502	0.5_0.5	5.5	02	085
.3173	0.5_0.5	5.5	02	088
.5212	0.5_0.5	5.5	02	084
.3575	0.5_0.5	5.5	02	089
.3581	0.5_0.5	5.5	02	090
.3063	0.5_0.5	5.5	02	091
.395	0.5_0.5	5.5	02	092
.2432	0.5_0.5	5.5	02	093
.3819	0.5_0.5	5.5	02	095
.4387	0.5_0.5	5.5	02	094
.3704	0.5_0.5	5.5	02	096
.3455	0.5_0.5	5.5	02	097
.4095	0.5_0.5	5.5	02	099
.3977	0.5_0.5	5.5	02	098
.3985	0.5_0.5	5.5	02	100
.4364	0.5_0.5	5.5	03	002
.3714	0.5_0.5	5.5	03	003
.4557	0.5_0.5	5.5	03	004
.3552	0.5_0.5	5.5	03	009
.4328	0.5_0.5	5.5	03	006
.4061	0.5_0.5	5.5	03	012
.4599	0.5_0.5	5.5	03	011
.5042	0.5_0.5	5.5	03	008
.4601	0.5_0.5	5.5	03	013
.5073	0.5_0.5	5.5	03	010
.4102	0.5_0.5	5.5	03	016
.553	0.5_0.5	5.5	03	005
.639	0.5_0.5	5.5	03	001
.4723	0.5_0.5	5.5	03	015
.4251	0.5_0.5	5.5	03	020
.4719	0.5_0.5	5.5	03	019
.5941	0.5_0.5	5.5	03	007
.5342	0.5_0.5	5.5	03	014
.5389	0.5_0.5	5.5	03	017
.4188	0.5_0.5	5.5	03	023
.5767	0.5_0.5	5.5	03	018
.4857	0.5_0.5	5.5	03	022
.4719	0.5_0.5	5.5	03	024
.5929	0.5_0.5	5.5	03	021
.4753	0.5_0.5	5.5	03	025
.4331	0.5_0.5	5.5	03	027
.3709	0.5_0.5	5.5	03	029
.4755	0.5_0.5	5.5	03	026
.4338	0.5_0.5	5.5	03	028
.4392	0.5_0.5	5.5	03	031
.6138	0.5_0.5	5.5	03	030
.512	0.5_0.5	5.5	03	033
.5365	0.5_0.5	5.5	03	034
.5381	0.5_0.5	5.5	03	032
.4159	0.5_0.5	5.5	03	035
.4751	0.5_0.5	5.5	03	036
.4602	0.5_0.5	5.5	03	037
.5227	0.5_0.5	5.5	03	038
.4487	0.5_0.5	5.5	03	044
.3643	0.5_0.5	5.5	03	046
.4428	0.5_0.5	5.5	03	047
.5807	0.5_0.5	5.5	03	040
.5523	0.5_0.5	5.5	03	041
.5146	0.5_0.5	5.5	03	043
.4924	0.5_0.5	5.5	03	042
.4719	0.5_0.5	5.5	03	049
.4764	0.5_0.5	5.5	03	050
.5886	0.5_0.5	5.5	03	039
.6049	0.5_0.5	5.5	03	045
.4283	0.5_0.5	5.5	03	054
.5166	0.5_0.5	5.5	03	051
.457	0.5_0.5	5.5	03	055
.5064	0.5_0.5	5.5	03	053
.6272	0.5_0.5	5.5	03	048
.4812	0.5_0.5	5.5	03	056
.5974	0.5_0.5	5.5	03	052
.341	0.5_0.5	5.5	03	057
.377	0.5_0.5	5.5	03	060
.39	0.5_0.5	5.5	03	059
.4138	0.5_0.5	5.5	03	061
.4192	0.5_0.5	5.5	03	058
.4057	0.5_0.5	5.5	03	062
.3319	0.5_0.5	5.5	03	068
.3991	0.5_0.5	5.5	03	066
.4712	0.5_0.5	5.5	03	067
.4322	0.5_0.5	5.5	03	069
.505	0.5_0.5	5.5	03	063
.4134	0.5_0.5	5.5	03	072
.519	0.5_0.5	5.5	03	065
.5676	0.5_0.5	5.5	03	064
.3975	0.5_0.5	5.5	03	076
.433	0.5_0.5	5.5	03	077
.4685	0.5_0.5	5.5	03	074
.4339	0.5_0.5	5.5	03	078
.5223	0.5_0.5	5.5	03	073
.48	0.5_0.5	5.5	03	075
.435	0.5_0.5	5.5	03	081
.6524	0.5_0.5	5.5	03	071
.4569	0.5_0.5	5.5	03	080
.643	0.5_0.5	5.5	03	070
.4041	0.5_0.5	5.5	03	088
.4455	0.5_0.5	5.5	03	084
.5406	0.5_0.5	5.5	03	079
.4443	0.5_0.5	5.5	03	085
.5381	0.5_0.5	5.5	03	083
.6063	0.5_0.5	5.5	03	082
.5281	0.5_0.5	5.5	03	086
.4597	0.5_0.5	5.5	03	087
.3664	0.5_0.5	5.5	03	089
.407	0.5_0.5	5.5	03	090
.4164	0.5_0.5	5.5	03	092
.4339	0.5_0.5	5.5	03	093
.4056	0.5_0.5	5.5	03	094
.5628	0.5_0.5	5.5	03	091
.4175	0.5_0.5	5.5	03	095
.4244	0.5_0.5	5.5	03	096
.3563	0.5_0.5	5.5	03	097
.3685	0.5_0.5	5.5	03	099
.4323	0.5_0.5	5.5	04	002
.4521	0.5_0.5	5.5	03	098
.448	0.5_0.5	5.5	03	100
.3966	0.5_0.5	5.5	04	006
.5473	0.5_0.5	5.5	04	003
.4311	0.5_0.5	5.5	04	004
.3164	0.5_0.5	5.5	04	010
.567	0.5_0.5	5.5	04	001
.4485	0.5_0.5	5.5	04	005
.3884	0.5_0.5	5.5	04	014
.4124	0.5_0.5	5.5	04	011
.4613	0.5_0.5	5.5	04	008
.3886	0.5_0.5	5.5	04	013
.4029	0.5_0.5	5.5	04	015
.4696	0.5_0.5	5.5	04	009
.5936	0.5_0.5	5.5	04	007
.4406	0.5_0.5	5.5	04	017
.4581	0.5_0.5	5.5	04	016
.638	0.5_0.5	5.5	04	012
.4559	0.5_0.5	5.5	04	018
.4764	0.5_0.5	5.5	04	020
.6295	0.5_0.5	5.5	04	019
.3983	0.5_0.5	5.5	04	021
.5531	0.5_0.5	5.5	04	022
.4676	0.5_0.5	5.5	04	023
.3698	0.5_0.5	5.5	04	025
.4574	0.5_0.5	5.5	04	024
.3851	0.5_0.5	5.5	04	026
.4133	0.5_0.5	5.5	04	027
.4105	0.5_0.5	5.5	04	030
.4018	0.5_0.5	5.5	04	028
.5921	0.5_0.5	5.5	04	029
.4021	0.5_0.5	5.5	04	032
.3505	0.5_0.5	5.5	04	037
.4602	0.5_0.5	5.5	04	031
.4594	0.5_0.5	5.5	04	034
.5403	0.5_0.5	5.5	04	036
.5242	0.5_0.5	5.5	04	035
.3639	0.5_0.5	5.5	04	041
.393	0.5_0.5	5.5	04	043
.4031	0.5_0.5	5.5	04	044
.4843	0.5_0.5	5.5	04	040
.4222	0.5_0.5	5.5	04	042
.52	0.5_0.5	5.5	04	038
.6106	0.5_0.5	5.5	04	033
.3949	0.5_0.5	5.5	04	045
.6145	0.5_0.5	5.5	04	039
.4285	0.5_0.5	5.5	04	047
.4296	0.5_0.5	5.5	04	048
.5082	0.5_0.5	5.5	04	049
.3883	0.5_0.5	5.5	04	050
.61	0.5_0.5	5.5	04	046
.634	0.5_0.5	5.5	04	051
.6729	0.5_0.5	5.5	04	052
.399	0.5_0.5	5.5	04	053
.471	0.5_0.5	5.5	04	054
.4461	0.5_0.5	5.5	04	057
.5033	0.5_0.5	5.5	04	056
.5605	0.5_0.5	5.5	04	055
.5379	0.5_0.5	5.5	04	058
.4443	0.5_0.5	5.5	04	059
.426	0.5_0.5	5.5	04	060
.4754	0.5_0.5	5.5	04	061
.4863	0.5_0.5	5.5	04	062
.3914	0.5_0.5	5.5	04	064
.4823	0.5_0.5	5.5	04	065
.3903	0.5_0.5	5.5	04	069
.4133	0.5_0.5	5.5	04	066
.3981	0.5_0.5	5.5	04	068
.5223	0.5_0.5	5.5	04	063
.4611	0.5_0.5	5.5	04	071
.4307	0.5_0.5	5.5	04	070
.4237	0.5_0.5	5.5	04	074
.3986	0.5_0.5	5.5	04	078
.4277	0.5_0.5	5.5	04	076
.543	0.5_0.5	5.5	04	067
.4365	0.5_0.5	5.5	04	079
.5709	0.5_0.5	5.5	04	073
.57	0.5_0.5	5.5	04	072
.5545	0.5_0.5	5.5	04	075
.4172	0.5_0.5	5.5	04	082
.4131	0.5_0.5	5.5	04	081
.5516	0.5_0.5	5.5	04	080
.6306	0.5_0.5	5.5	04	077
.4821	0.5_0.5	5.5	04	083
.6406	0.5_0.5	5.5	04	084
.4742	0.5_0.5	5.5	04	085
.4938	0.5_0.5	5.5	04	087
.6041	0.5_0.5	5.5	04	086
.5477	0.5_0.5	5.5	04	088
.3911	0.5_0.5	5.5	04	091
.4383	0.5_0.5	5.5	04	092
.6077	0.5_0.5	5.5	04	089
.6002	0.5_0.5	5.5	04	090
.419	0.5_0.5	5.5	04	093
.4711	0.5_0.5	5.5	04	094
.3662	0.5_0.5	5.5	04	096
.4025	0.5_0.5	5.5	04	098
.496	0.5_0.5	5.5	04	095
.4889	0.5_0.5	5.5	04	099
.2913	0.5_0.5	5.5	05	001
.4998	0.5_0.5	5.5	04	097
.3537	0.5_0.5	5.5	05	008
.3301	0.5_0.5	5.5	05	006
.3333	0.5_0.5	5.5	05	004
.3553	0.5_0.5	5.5	05	005
.3408	0.5_0.5	5.5	05	007
.3482	0.5_0.5	5.5	05	009
.437	0.5_0.5	5.5	05	002
.3793	0.5_0.5	5.5	05	003
.3296	0.5_0.5	5.5	05	010
.3041	0.5_0.5	5.5	05	011
.6209	0.5_0.5	5.5	04	100
.3431	0.5_0.5	5.5	05	014
.4528	0.5_0.5	5.5	05	012
.3937	0.5_0.5	5.5	05	013
.385	0.5_0.5	5.5	05	015
.3058	0.5_0.5	5.5	05	017
.4934	0.5_0.5	5.5	05	016
.425	0.5_0.5	5.5	05	018
.3429	0.5_0.5	5.5	05	021
.349	0.5_0.5	5.5	05	019
.4991	0.5_0.5	5.5	05	020
.2611	0.5_0.5	5.5	05	025
.2895	0.5_0.5	5.5	05	022
.4065	0.5_0.5	5.5	05	023
.318	0.5_0.5	5.5	05	026
.325	0.5_0.5	5.5	05	024
.2845	0.5_0.5	5.5	05	028
.3225	0.5_0.5	5.5	05	029
.3563	0.5_0.5	5.5	05	031
.3292	0.5_0.5	5.5	05	027
.4062	0.5_0.5	5.5	05	032
.4315	0.5_0.5	5.5	05	030
.2001	0.5_0.5	5.5	05	037
.2851	0.5_0.5	5.5	05	034
.3112	0.5_0.5	5.5	05	033
.3	0.5_0.5	5.5	05	036
.4305	0.5_0.5	5.5	05	039
.4088	0.5_0.5	5.5	05	038
.3383	0.5_0.5	5.5	05	041
.3172	0.5_0.5	5.5	05	044
.3426	0.5_0.5	5.5	05	042
.3657	0.5_0.5	5.5	05	040
.5425	0.5_0.5	5.5	05	035
.4157	0.5_0.5	5.5	05	043
.3397	0.5_0.5	5.5	05	045
.5517	0.5_0.5	5.5	05	046
.368	0.5_0.5	5.5	05	047
.3284	0.5_0.5	5.5	05	048
.385	0.5_0.5	5.5	05	049
.2742	0.5_0.5	5.5	05	050
.2762	0.5_0.5	5.5	05	052
.2336	0.5_0.5	5.5	05	054
.3271	0.5_0.5	5.5	05	055
.3481	0.5_0.5	5.5	05	053
.4682	0.5_0.5	5.5	05	051
.2898	0.5_0.5	5.5	05	056
.348	0.5_0.5	5.5	05	059
.327	0.5_0.5	5.5	05	057
.2927	0.5_0.5	5.5	05	058
.34	0.5_0.5	5.5	05	060
.3257	0.5_0.5	5.5	05	062
.3698	0.5_0.5	5.5	05	061
.3472	0.5_0.5	5.5	05	063
.3406	0.5_0.5	5.5	05	064
.2958	0.5_0.5	5.5	05	065
.3169	0.5_0.5	5.5	05	066
.3402	0.5_0.5	5.5	05	067
.3108	0.5_0.5	5.5	05	070
.3624	0.5_0.5	5.5	05	072
.3182	0.5_0.5	5.5	05	069
.3836	0.5_0.5	5.5	05	068
.4038	0.5_0.5	5.5	05	071
.3806	0.5_0.5	5.5	05	073
.3459	0.5_0.5	5.5	05	074
.3775	0.5_0.5	5.5	05	075
.3232	0.5_0.5	5.5	05	079
.3399	0.5_0.5	5.5	05	078
.4701	0.5_0.5	5.5	05	076
.4221	0.5_0.5	5.5	05	077
.3474	0.5_0.5	5.5	05	080
.3037	0.5_0.5	5.5	05	081
.2347	0.5_0.5	5.5	05	082
.3053	0.5_0.5	5.5	05	083
.268	0.5_0.5	5.5	05	084
.3789	0.5_0.5	5.5	05	086
.3066	0.5_0.5	5.5	05	089
.3937	0.5_0.5	5.5	05	087
.4406	0.5_0.5	5.5	05	088
.3765	0.5_0.5	5.5	05	090
.5618	0.5_0.5	5.5	05	085
.263	0.5_0.5	5.5	05	092
.3506	0.5_0.5	5.5	05	093
.3064	0.5_0.5	5.5	05	094
.5875	0.5_0.5	5.5	05	091
.3431	0.5_0.5	5.5	05	095
.3635	0.5_0.5	5.5	05	097
.4722	0.5_0.5	5.5	05	096
.3134	0.5_0.5	5.5	05	100
.3214	0.5_0.5	5.5	05	099
.5029	0.5_0.5	5.5	05	098
.3843	0.5_0.5	5.5	06	003
.4607	0.5_0.5	5.5	06	002
.435	0.5_0.5	5.5	06	006
.4292	0.5_0.5	5.5	06	005
.601	0.5_0.5	5.5	06	001
.5356	0.5_0.5	5.5	06	004
.4849	0.5_0.5	5.5	06	010
.5216	0.5_0.5	5.5	06	007
.4329	0.5_0.5	5.5	06	009
.5182	0.5_0.5	5.5	06	011
.5481	0.5_0.5	5.5	06	008
.4338	0.5_0.5	5.5	06	013
.5345	0.5_0.5	5.5	06	012
.4826	0.5_0.5	5.5	06	014
.4134	0.5_0.5	5.5	06	016
.4975	0.5_0.5	5.5	06	015
.3464	0.5_0.5	5.5	06	018
.4552	0.5_0.5	5.5	06	017
.4612	0.5_0.5	5.5	06	019
.4912	0.5_0.5	5.5	06	020
.4691	0.5_0.5	5.5	06	021
.386	0.5_0.5	5.5	06	023
.4677	0.5_0.5	5.5	06	022
.3781	0.5_0.5	5.5	06	027
.4993	0.5_0.5	5.5	06	026
.5217	0.5_0.5	5.5	06	025
.5531	0.5_0.5	5.5	06	024
.4173	0.5_0.5	5.5	06	028
.4044	0.5_0.5	5.5	06	030
.4739	0.5_0.5	5.5	06	029
.3911	0.5_0.5	5.5	06	031
.4554	0.5_0.5	5.5	06	033
.5137	0.5_0.5	5.5	06	032
.4775	0.5_0.5	5.5	06	035
.5026	0.5_0.5	5.5	06	034
.4596	0.5_0.5	5.5	06	037
.4703	0.5_0.5	5.5	06	036
.407	0.5_0.5	5.5	06	038
.5408	0.5_0.5	5.5	06	040
.5336	0.5_0.5	5.5	06	041
.5692	0.5_0.5	5.5	06	039
.4705	0.5_0.5	5.5	06	044
.6399	0.5_0.5	5.5	06	043
.6431	0.5_0.5	5.5	06	042
.3368	0.5_0.5	5.5	06	047
.6499	0.5_0.5	5.5	06	045
.5521	0.5_0.5	5.5	06	046
.4977	0.5_0.5	5.5	06	048
.516	0.5_0.5	5.5	06	051
.5941	0.5_0.5	5.5	06	049
.5017	0.5_0.5	5.5	06	050
.5354	0.5_0.5	5.5	06	052
.6001	0.5_0.5	5.5	06	053
.54	0.5_0.5	5.5	06	055
.6152	0.5_0.5	5.5	06	054
.4255	0.5_0.5	5.5	06	058
.4677	0.5_0.5	5.5	06	056
.56	0.5_0.5	5.5	06	057
.4816	0.5_0.5	5.5	06	059
.5399	0.5_0.5	5.5	06	060
.4462	0.5_0.5	5.5	06	062
.571	0.5_0.5	5.5	06	061
.3986	0.5_0.5	5.5	06	064
.382	0.5_0.5	5.5	06	067
.478	0.5_0.5	5.5	06	065
.616	0.5_0.5	5.5	06	063
.4819	0.5_0.5	5.5	06	066
.3842	0.5_0.5	5.5	06	070
.5416	0.5_0.5	5.5	06	069
.6149	0.5_0.5	5.5	06	068
.4619	0.5_0.5	5.5	06	072
.4524	0.5_0.5	5.5	06	071
.3894	0.5_0.5	5.5	06	073
.4541	0.5_0.5	5.5	06	074
.4751	0.5_0.5	5.5	06	075
.5075	0.5_0.5	5.5	06	076
.4023	0.5_0.5	5.5	06	078
.3884	0.5_0.5	5.5	06	077
.4549	0.5_0.5	5.5	06	079
.4603	0.5_0.5	5.5	06	080
.4705	0.5_0.5	5.5	06	081
.4448	0.5_0.5	5.5	06	083
.4255	0.5_0.5	5.5	06	082
.4474	0.5_0.5	5.5	06	084
.4019	0.5_0.5	5.5	06	089
.4115	0.5_0.5	5.5	06	090
.5127	0.5_0.5	5.5	06	085
.4364	0.5_0.5	5.5	06	091
.4868	0.5_0.5	5.5	06	088
.5274	0.5_0.5	5.5	06	086
.3577	0.5_0.5	5.5	06	095
.4572	0.5_0.5	5.5	06	092
.37	0.5_0.5	5.5	06	094
.4672	0.5_0.5	5.5	06	093
.7005	0.5_0.5	5.5	06	087
.4948	0.5_0.5	5.5	06	097
.5102	0.5_0.5	5.5	06	096
.4424	0.5_0.5	5.5	06	098
.4663	0.5_0.5	5.5	06	099
.3147	0.5_0.5	5.5	07	002
.3205	0.5_0.5	5.5	07	005
.4069	0.5_0.5	5.5	07	003
.4861	0.5_0.5	5.5	06	100
.4397	0.5_0.5	5.5	07	004
.7318	0.5_0.5	5.5	07	001
.351	0.5_0.5	5.5	07	007
.4073	0.5_0.5	5.5	07	006
.3586	0.5_0.5	5.5	07	008
.3669	0.5_0.5	5.5	07	009
.325	0.5_0.5	5.5	07	010
.4094	0.5_0.5	5.5	07	011
.463	0.5_0.5	5.5	07	012
.2604	0.5_0.5	5.5	07	014
.3925	0.5_0.5	5.5	07	013
.3745	0.5_0.5	5.5	07	015
.3205	0.5_0.5	5.5	07	017
.4248	0.5_0.5	5.5	07	016
.3556	0.5_0.5	5.5	07	019
.318	0.5_0.5	5.5	07	018
.3143	0.5_0.5	5.5	07	022
.4327	0.5_0.5	5.5	07	021
.3411	0.5_0.5	5.5	07	025
.2705	0.5_0.5	5.5	07	026
.4262	0.5_0.5	5.5	07	023
.6068	0.5_0.5	5.5	07	020
.4128	0.5_0.5	5.5	07	024
.3865	0.5_0.5	5.5	07	027
.3902	0.5_0.5	5.5	07	028
.3478	0.5_0.5	5.5	07	030
.4745	0.5_0.5	5.5	07	029
.3188	0.5_0.5	5.5	07	033
.2975	0.5_0.5	5.5	07	031
.3415	0.5_0.5	5.5	07	034
.3944	0.5_0.5	5.5	07	035
.5401	0.5_0.5	5.5	07	032
.4519	0.5_0.5	5.5	07	036
.3165	0.5_0.5	5.5	07	039
.3898	0.5_0.5	5.5	07	037
.3706	0.5_0.5	5.5	07	040
.4545	0.5_0.5	5.5	07	038
.427	0.5_0.5	5.5	07	041
.4964	0.5_0.5	5.5	07	042
.3485	0.5_0.5	5.5	07	043
.3635	0.5_0.5	5.5	07	044
.4207	0.5_0.5	5.5	07	045
.3686	0.5_0.5	5.5	07	046
.3021	0.5_0.5	5.5	07	048
.543	0.5_0.5	5.5	07	047
.3661	0.5_0.5	5.5	07	049
.2398	0.5_0.5	5.5	07	050
.3136	0.5_0.5	5.5	07	052
.4396	0.5_0.5	5.5	07	051
.3637	0.5_0.5	5.5	07	053
.3053	0.5_0.5	5.5	07	055
.3567	0.5_0.5	5.5	07	054
.405	0.5_0.5	5.5	07	056
.4328	0.5_0.5	5.5	07	057
.3025	0.5_0.5	5.5	07	060
.4163	0.5_0.5	5.5	07	058
.3899	0.5_0.5	5.5	07	059
.2825	0.5_0.5	5.5	07	061
.4848	0.5_0.5	5.5	07	062
.3978	0.5_0.5	5.5	07	064
.3728	0.5_0.5	5.5	07	065
.4015	0.5_0.5	5.5	07	066
.3573	0.5_0.5	5.5	07	067
.5646	0.5_0.5	5.5	07	063
.3191	0.5_0.5	5.5	07	068
.3621	0.5_0.5	5.5	07	069
.3081	0.5_0.5	5.5	07	072
.4081	0.5_0.5	5.5	07	071
.3261	0.5_0.5	5.5	07	073
.5153	0.5_0.5	5.5	07	070
.4424	0.5_0.5	5.5	07	074
.4005	0.5_0.5	5.5	07	075
.3526	0.5_0.5	5.5	07	076
.3317	0.5_0.5	5.5	07	078
.3494	0.5_0.5	5.5	07	077
.3191	0.5_0.5	5.5	07	079
.3477	0.5_0.5	5.5	07	080
.3954	0.5_0.5	5.5	07	082
.4071	0.5_0.5	5.5	07	081
.388	0.5_0.5	5.5	07	084
.3833	0.5_0.5	5.5	07	083
.3775	0.5_0.5	5.5	07	085
.2642	0.5_0.5	5.5	07	089
.3353	0.5_0.5	5.5	07	087
.2569	0.5_0.5	5.5	07	090
.3359	0.5_0.5	5.5	07	088
.2789	0.5_0.5	5.5	07	092
.4877	0.5_0.5	5.5	07	086
.3348	0.5_0.5	5.5	07	093
.3975	0.5_0.5	5.5	07	091
.3278	0.5_0.5	5.5	07	095
.3331	0.5_0.5	5.5	07	096
.2788	0.5_0.5	5.5	07	097
.4907	0.5_0.5	5.5	07	094
.3133	0.5_0.5	5.5	07	100
.2511	0.5_0.5	5.5	08	001
.3256	0.5_0.5	5.5	07	099
.4139	0.5_0.5	5.5	07	098
.2378	0.5_0.5	5.5	08	002
.2358	0.5_0.5	5.5	08	003
.2534	0.5_0.5	5.5	08	004
.2401	0.5_0.5	5.5	08	005
.2292	0.5_0.5	5.5	08	006
.2071	0.5_0.5	5.5	08	007
.2486	0.5_0.5	5.5	08	009
.1598	0.5_0.5	5.5	08	011
.273	0.5_0.5	5.5	08	008
.1918	0.5_0.5	5.5	08	012
.221	0.5_0.5	5.5	08	013
.4662	0.5_0.5	5.5	08	010
.3394	0.5_0.5	5.5	08	014
.2336	0.5_0.5	5.5	08	016
.3563	0.5_0.5	5.5	08	015
.2162	0.5_0.5	5.5	08	018
.2213	0.5_0.5	5.5	08	017
.2987	0.5_0.5	5.5	08	019
.324	0.5_0.5	5.5	08	020
.2086	0.5_0.5	5.5	08	021
.2371	0.5_0.5	5.5	08	023
.2691	0.5_0.5	5.5	08	022
.2759	0.5_0.5	5.5	08	025
.3544	0.5_0.5	5.5	08	024
.3624	0.5_0.5	5.5	08	026
.388	0.5_0.5	5.5	08	027
.2736	0.5_0.5	5.5	08	030
.2972	0.5_0.5	5.5	08	029
.2329	0.5_0.5	5.5	08	032
.278	0.5_0.5	5.5	08	031
.2469	0.5_0.5	5.5	08	034
.4459	0.5_0.5	5.5	08	028
.2041	0.5_0.5	5.5	08	037
.2201	0.5_0.5	5.5	08	036
.4312	0.5_0.5	5.5	08	033
.4382	0.5_0.5	5.5	08	035
.2633	0.5_0.5	5.5	08	038
.228	0.5_0.5	5.5	08	039
.2528	0.5_0.5	5.5	08	040
.258	0.5_0.5	5.5	08	042
.2067	0.5_0.5	5.5	08	043
.3938	0.5_0.5	5.5	08	041
.2564	0.5_0.5	5.5	08	044
.2835	0.5_0.5	5.5	08	045
.2426	0.5_0.5	5.5	08	046
.3131	0.5_0.5	5.5	08	047
.2764	0.5_0.5	5.5	08	048
.2296	0.5_0.5	5.5	08	049
.1774	0.5_0.5	5.5	08	051
.2199	0.5_0.5	5.5	08	055
.4274	0.5_0.5	5.5	08	053
.3704	0.5_0.5	5.5	08	052
.4791	0.5_0.5	5.5	08	050
.3477	0.5_0.5	5.5	08	054
.2553	0.5_0.5	5.5	08	057
.4219	0.5_0.5	5.5	08	056
.2723	0.5_0.5	5.5	08	059
.2679	0.5_0.5	5.5	08	061
.2053	0.5_0.5	5.5	08	063
.1978	0.5_0.5	5.5	08	064
.4009	0.5_0.5	5.5	08	060
.326	0.5_0.5	5.5	08	058
.3015	0.5_0.5	5.5	08	062
.2909	0.5_0.5	5.5	08	065
.316	0.5_0.5	5.5	08	067
.2153	0.5_0.5	5.5	08	066
.4531	0.5_0.5	5.5	08	068
.3764	0.5_0.5	5.5	08	069
.2354	0.5_0.5	5.5	08	070
.4179	0.5_0.5	5.5	08	071
.1834	0.5_0.5	5.5	08	073
.2399	0.5_0.5	5.5	08	072
.2525	0.5_0.5	5.5	08	074
.2319	0.5_0.5	5.5	08	076
.299	0.5_0.5	5.5	08	075
.2669	0.5_0.5	5.5	08	077
.2941	0.5_0.5	5.5	08	078
.2509	0.5_0.5	5.5	08	079
.236	0.5_0.5	5.5	08	080
.1875	0.5_0.5	5.5	08	082
.1714	0.5_0.5	5.5	08	083
.2585	0.5_0.5	5.5	08	085
.4863	0.5_0.5	5.5	08	081
.2192	0.5_0.5	5.5	08	087
.3616	0.5_0.5	5.5	08	086
.3264	0.5_0.5	5.5	08	084
.2358	0.5_0.5	5.5	08	088
.237	0.5_0.5	5.5	08	089
.2534	0.5_0.5	5.5	08	091
.1964	0.5_0.5	5.5	08	093
.2149	0.5_0.5	5.5	08	090
.2684	0.5_0.5	5.5	08	092
.1701	0.5_0.5	5.5	08	097
.2598	0.5_0.5	5.5	08	095
.2787	0.5_0.5	5.5	08	094
.3338	0.5_0.5	5.5	08	098
.2792	0.5_0.5	5.5	08	096
.3469	0.5_0.5	5.5	08	099
.3314	0.5_0.5	5.5	08	100
.2276	0.5_0.5	5.5	09	001
.306	0.5_0.5	5.5	09	002
.3504	0.5_0.5	5.5	09	003
.2993	0.5_0.5	5.5	09	006
.3157	0.5_0.5	5.5	09	005
.4247	0.5_0.5	5.5	09	004
.2004	0.5_0.5	5.5	09	007
.2503	0.5_0.5	5.5	09	008
.2362	0.5_0.5	5.5	09	009
.2818	0.5_0.5	5.5	09	010
.3163	0.5_0.5	5.5	09	011
.2921	0.5_0.5	5.5	09	013
.2707	0.5_0.5	5.5	09	012
.2992	0.5_0.5	5.5	09	014
.2756	0.5_0.5	5.5	09	019
.2906	0.5_0.5	5.5	09	018
.33	0.5_0.5	5.5	09	020
.37	0.5_0.5	5.5	09	015
.3826	0.5_0.5	5.5	09	017
.488	0.5_0.5	5.5	09	016
.4182	0.5_0.5	5.5	09	021
.3134	0.5_0.5	5.5	09	023
.3592	0.5_0.5	5.5	09	022
.2696	0.5_0.5	5.5	09	024
.2302	0.5_0.5	5.5	09	026
.3052	0.5_0.5	5.5	09	028
.312	0.5_0.5	5.5	09	027
.2492	0.5_0.5	5.5	09	031
.3394	0.5_0.5	5.5	09	030
.4154	0.5_0.5	5.5	09	029
.2439	0.5_0.5	5.5	09	032
.5822	0.5_0.5	5.5	09	025
.4063	0.5_0.5	5.5	09	033
.2893	0.5_0.5	5.5	09	035
.4437	0.5_0.5	5.5	09	034
.256	0.5_0.5	5.5	09	037
.2519	0.5_0.5	5.5	09	039
.3907	0.5_0.5	5.5	09	036
.4729	0.5_0.5	5.5	09	038
.2359	0.5_0.5	5.5	09	041
.3334	0.5_0.5	5.5	09	040
.294	0.5_0.5	5.5	09	042
.3134	0.5_0.5	5.5	09	043
.3221	0.5_0.5	5.5	09	044
.3246	0.5_0.5	5.5	09	045
.3802	0.5_0.5	5.5	09	046
.2192	0.5_0.5	5.5	09	049
.2307	0.5_0.5	5.5	09	048
.4113	0.5_0.5	5.5	09	047
.2756	0.5_0.5	5.5	09	052
.3812	0.5_0.5	5.5	09	051
.2983	0.5_0.5	5.5	09	050
.2322	0.5_0.5	5.5	09	053
.2754	0.5_0.5	5.5	09	054
.3384	0.5_0.5	5.5	09	055
.2435	0.5_0.5	5.5	09	057
.3805	0.5_0.5	5.5	09	058
.3344	0.5_0.5	5.5	09	056
.3989	0.5_0.5	5.5	09	059
.5004	0.5_0.5	5.5	09	060
.3374	0.5_0.5	5.5	09	061
.3895	0.5_0.5	5.5	09	062
.2672	0.5_0.5	5.5	09	064
.485	0.5_0.5	5.5	09	063
.3519	0.5_0.5	5.5	09	067
.4239	0.5_0.5	5.5	09	065
.4052	0.5_0.5	5.5	09	066
.2267	0.5_0.5	5.5	09	068
.3252	0.5_0.5	5.5	09	069
.3526	0.5_0.5	5.5	09	070
.3502	0.5_0.5	5.5	09	072
.3065	0.5_0.5	5.5	09	073
.2028	0.5_0.5	5.5	09	074
.3942	0.5_0.5	5.5	09	071
.4813	0.5_0.5	5.5	09	075
.3691	0.5_0.5	5.5	09	076
.3163	0.5_0.5	5.5	09	077
.2347	0.5_0.5	5.5	09	081
.2963	0.5_0.5	5.5	09	079
.2856	0.5_0.5	5.5	09	078
.3027	0.5_0.5	5.5	09	084
.3295	0.5_0.5	5.5	09	080
.4255	0.5_0.5	5.5	09	082
.3077	0.5_0.5	5.5	09	083
.3811	0.5_0.5	5.5	09	085
.2743	0.5_0.5	5.5	09	086
.3032	0.5_0.5	5.5	09	087
.3082	0.5_0.5	5.5	09	089
.2541	0.5_0.5	5.5	09	088
.5639	0.5_0.5	5.5	09	090
.2897	0.5_0.5	5.5	09	091
.2818	0.5_0.5	5.5	09	094
.2891	0.5_0.5	5.5	09	092
.2595	0.5_0.5	5.5	09	093
.4268	0.5_0.5	5.5	09	095
.2349	0.5_0.5	5.5	09	096
.3153	0.5_0.5	5.5	09	099
.2907	0.5_0.5	5.5	09	098
.2354	0.5_0.5	5.5	09	100
.5001	0.5_0.5	5.5	09	097
.403	0.5_0.5	5.5	10	001
.2472	0.5_0.5	5.5	10	005
.3252	0.5_0.5	5.5	10	003
.4684	0.5_0.5	5.5	10	002
.2747	0.5_0.5	5.5	10	004
.284	0.5_0.5	5.5	10	006
.2492	0.5_0.5	5.5	10	007
.269	0.5_0.5	5.5	10	008
.2764	0.5_0.5	5.5	10	009
.3442	0.5_0.5	5.5	10	012
.3118	0.5_0.5	5.5	10	010
.3097	0.5_0.5	5.5	10	014
.4365	0.5_0.5	5.5	10	011
.4686	0.5_0.5	5.5	10	013
.3239	0.5_0.5	5.5	10	016
.3285	0.5_0.5	5.5	10	015
.3007	0.5_0.5	5.5	10	017
.3198	0.5_0.5	5.5	10	018
.1965	0.5_0.5	5.5	10	019
.2613	0.5_0.5	5.5	10	020
.2821	0.5_0.5	5.5	10	021
.2614	0.5_0.5	5.5	10	022
.2634	0.5_0.5	5.5	10	023
.2989	0.5_0.5	5.5	10	024
.2858	0.5_0.5	5.5	10	025
.363	0.5_0.5	5.5	10	026
.332	0.5_0.5	5.5	10	027
.313	0.5_0.5	5.5	10	028
.266	0.5_0.5	5.5	10	029
.212	0.5_0.5	5.5	10	030
.251	0.5_0.5	5.5	10	031
.2915	0.5_0.5	5.5	10	032
.2518	0.5_0.5	5.5	10	033
.2158	0.5_0.5	5.5	10	035
.2323	0.5_0.5	5.5	10	036
.3561	0.5_0.5	5.5	10	037
.2331	0.5_0.5	5.5	10	034
.2836	0.5_0.5	5.5	10	038
.2249	0.5_0.5	5.5	10	040
.3578	0.5_0.5	5.5	10	039
.1992	0.5_0.5	5.5	10	042
.3225	0.5_0.5	5.5	10	041
.3476	0.5_0.5	5.5	10	043
.3073	0.5_0.5	5.5	10	044
.3759	0.5_0.5	5.5	10	045
.4473	0.5_0.5	5.5	10	046
.2509	0.5_0.5	5.5	10	049
.4683	0.5_0.5	5.5	10	047
.3629	0.5_0.5	5.5	10	048
.3195	0.5_0.5	5.5	10	051
.5253	0.5_0.5	5.5	10	050
.3368	0.5_0.5	5.5	10	053
.2707	0.5_0.5	5.5	10	054
.2292	0.5_0.5	5.5	10	055
.4525	0.5_0.5	5.5	10	052
.3017	0.5_0.5	5.5	10	056
.2383	0.5_0.5	5.5	10	057
.2773	0.5_0.5	5.5	10	058
.2047	0.5_0.5	5.5	10	062
.2596	0.5_0.5	5.5	10	060
.349	0.5_0.5	5.5	10	059
.4069	0.5_0.5	5.5	10	061
.287	0.5_0.5	5.5	10	063
.2701	0.5_0.5	5.5	10	064
.3796	0.5_0.5	5.5	10	065
.3019	0.5_0.5	5.5	10	069
.3374	0.5_0.5	5.5	10	067
.3572	0.5_0.5	5.5	10	066
.4794	0.5_0.5	5.5	10	068
.3382	0.5_0.5	5.5	10	070
.2377	0.5_0.5	5.5	10	071
.2504	0.5_0.5	5.5	10	074
.499	0.5_0.5	5.5	10	072
.3847	0.5_0.5	5.5	10	073
.2828	0.5_0.5	5.5	10	075
.2304	0.5_0.5	5.5	10	077
.3255	0.5_0.5	5.5	10	076
.3586	0.5_0.5	5.5	10	078
.2817	0.5_0.5	5.5	10	079
.3192	0.5_0.5	5.5	10	080
.293	0.5_0.5	5.5	10	082
.2015	0.5_0.5	5.5	10	084
.5039	0.5_0.5	5.5	10	081
.2595	0.5_0.5	5.5	10	085
.2407	0.5_0.5	5.5	10	086
.429	0.5_0.5	5.5	10	083
.3588	0.5_0.5	5.5	10	087
.264	0.5_0.5	5.5	10	089
.2896	0.5_0.5	5.5	10	090
.3227	0.5_0.5	5.5	10	088
.3579	0.5_0.5	5.5	10	091
.3379	0.5_0.5	5.5	10	092
.2328	0.5_0.5	5.5	10	095
.3059	0.5_0.5	5.5	10	094
.4564	0.5_0.5	5.5	10	093
.2813	0.5_0.5	5.5	10	097
.2432	0.5_0.5	5.5	10	096
.1914	0.5_0.5	5.5	10	098
.2888	0.5_0.5	5.5	10	100
.253	0.5_0.5	6	01	001
.3959	0.5_0.5	5.5	10	099
.2049	0.5_0.5	6	01	002
.4064	0.5_0.5	6	01	003
.2518	0.5_0.5	6	01	004
.2652	0.5_0.5	6	01	005
.2772	0.5_0.5	6	01	007
.2156	0.5_0.5	6	01	006
.1738	0.5_0.5	6	01	008
.2395	0.5_0.5	6	01	010
.2347	0.5_0.5	6	01	011
.4769	0.5_0.5	6	01	009
.205	0.5_0.5	6	01	013
.2848	0.5_0.5	6	01	012
.2739	0.5_0.5	6	01	015
.2131	0.5_0.5	6	01	017
.2669	0.5_0.5	6	01	016
.3	0.5_0.5	6	01	014
.3184	0.5_0.5	6	01	020
.254	0.5_0.5	6	01	019
.3708	0.5_0.5	6	01	018
.1891	0.5_0.5	6	01	022
.3665	0.5_0.5	6	01	021
.2381	0.5_0.5	6	01	023
.3019	0.5_0.5	6	01	024
.2899	0.5_0.5	6	01	025
.2741	0.5_0.5	6	01	026
.2026	0.5_0.5	6	01	028
.1605	0.5_0.5	6	01	029
.4324	0.5_0.5	6	01	027
.3345	0.5_0.5	6	01	030
.2484	0.5_0.5	6	01	031
.2146	0.5_0.5	6	01	032
.2496	0.5_0.5	6	01	033
.2932	0.5_0.5	6	01	034
.2147	0.5_0.5	6	01	037
.1759	0.5_0.5	6	01	039
.2629	0.5_0.5	6	01	035
.2715	0.5_0.5	6	01	036
.2282	0.5_0.5	6	01	038
.2358	0.5_0.5	6	01	040
.2403	0.5_0.5	6	01	042
.3164	0.5_0.5	6	01	041
.229	0.5_0.5	6	01	043
.2266	0.5_0.5	6	01	044
.2629	0.5_0.5	6	01	045
.2125	0.5_0.5	6	01	047
.2552	0.5_0.5	6	01	046
.2674	0.5_0.5	6	01	048
.1899	0.5_0.5	6	01	049
.2286	0.5_0.5	6	01	052
.3174	0.5_0.5	6	01	050
.2786	0.5_0.5	6	01	051
.2816	0.5_0.5	6	01	053
.3248	0.5_0.5	6	01	054
.1887	0.5_0.5	6	01	055
.2738	0.5_0.5	6	01	056
.2525	0.5_0.5	6	01	058
.2122	0.5_0.5	6	01	060
.2483	0.5_0.5	6	01	057
.321	0.5_0.5	6	01	059
.2045	0.5_0.5	6	01	061
.2978	0.5_0.5	6	01	062
.28	0.5_0.5	6	01	063
.2793	0.5_0.5	6	01	064
.2424	0.5_0.5	6	01	065
.2078	0.5_0.5	6	01	066
.1794	0.5_0.5	6	01	067
.2415	0.5_0.5	6	01	068
.2538	0.5_0.5	6	01	070
.3334	0.5_0.5	6	01	069
.2652	0.5_0.5	6	01	071
.3726	0.5_0.5	6	01	072
.2649	0.5_0.5	6	01	073
.2728	0.5_0.5	6	01	074
.3063	0.5_0.5	6	01	075
.3706	0.5_0.5	6	01	076
.3431	0.5_0.5	6	01	077
.222	0.5_0.5	6	01	078
.3537	0.5_0.5	6	01	079
.2305	0.5_0.5	6	01	080
.3249	0.5_0.5	6	01	081
.2188	0.5_0.5	6	01	083
.3138	0.5_0.5	6	01	082
.2448	0.5_0.5	6	01	084
.3394	0.5_0.5	6	01	085
.2745	0.5_0.5	6	01	086
.2933	0.5_0.5	6	01	087
.3234	0.5_0.5	6	01	088
.2413	0.5_0.5	6	01	090
.338	0.5_0.5	6	01	089
.2934	0.5_0.5	6	01	091
.3551	0.5_0.5	6	01	092
.2676	0.5_0.5	6	01	093
.3063	0.5_0.5	6	01	094
.2776	0.5_0.5	6	01	095
.2249	0.5_0.5	6	01	097
.2244	0.5_0.5	6	01	096
.2033	0.5_0.5	6	01	098
.2783	0.5_0.5	6	01	099
.2803	0.5_0.5	6	02	002
.2367	0.5_0.5	6	02	001
.2383	0.5_0.5	6	02	003
.4118	0.5_0.5	6	01	100
.342	0.5_0.5	6	02	004
.237	0.5_0.5	6	02	005
.24	0.5_0.5	6	02	006
.4534	0.5_0.5	6	02	007
.2346	0.5_0.5	6	02	012
.2698	0.5_0.5	6	02	011
.2829	0.5_0.5	6	02	010
.3923	0.5_0.5	6	02	009
.3289	0.5_0.5	6	02	013
.2686	0.5_0.5	6	02	015
.2824	0.5_0.5	6	02	016
.6215	0.5_0.5	6	02	008
.2348	0.5_0.5	6	02	017
.5624	0.5_0.5	6	02	014
.2456	0.5_0.5	6	02	018
.2135	0.5_0.5	6	02	019
.1661	0.5_0.5	6	02	020
.219	0.5_0.5	6	02	021
.3084	0.5_0.5	6	02	022
.2097	0.5_0.5	6	02	025
.3534	0.5_0.5	6	02	024
.4448	0.5_0.5	6	02	023
.2537	0.5_0.5	6	02	026
.1726	0.5_0.5	6	02	029
.3869	0.5_0.5	6	02	027
.3471	0.5_0.5	6	02	028
.2844	0.5_0.5	6	02	030
.2596	0.5_0.5	6	02	031
.2388	0.5_0.5	6	02	034
.2875	0.5_0.5	6	02	032
.3295	0.5_0.5	6	02	035
.3778	0.5_0.5	6	02	033
.2421	0.5_0.5	6	02	036
.2295	0.5_0.5	6	02	038
.2722	0.5_0.5	6	02	037
.2324	0.5_0.5	6	02	040
.3154	0.5_0.5	6	02	039
.176	0.5_0.5	6	02	041
.2485	0.5_0.5	6	02	042
.2422	0.5_0.5	6	02	044
.3577	0.5_0.5	6	02	043
.2368	0.5_0.5	6	02	046
.2043	0.5_0.5	6	02	047
.1777	0.5_0.5	6	02	045
.2404	0.5_0.5	6	02	048
.2549	0.5_0.5	6	02	050
.309	0.5_0.5	6	02	049
.3176	0.5_0.5	6	02	051
.2492	0.5_0.5	6	02	052
.273	0.5_0.5	6	02	054
.2774	0.5_0.5	6	02	053
.2309	0.5_0.5	6	02	056
.2722	0.5_0.5	6	02	055
.3063	0.5_0.5	6	02	058
.3212	0.5_0.5	6	02	057
.3173	0.5_0.5	6	02	060
.3885	0.5_0.5	6	02	059
.2671	0.5_0.5	6	02	061
.3496	0.5_0.5	6	02	062
.2081	0.5_0.5	6	02	064
.2931	0.5_0.5	6	02	063
.3434	0.5_0.5	6	02	065
.1663	0.5_0.5	6	02	069
.3812	0.5_0.5	6	02	066
.4211	0.5_0.5	6	02	067
.2921	0.5_0.5	6	02	070
.4534	0.5_0.5	6	02	068
.227	0.5_0.5	6	02	073
.1817	0.5_0.5	6	02	074
.3669	0.5_0.5	6	02	071
.3487	0.5_0.5	6	02	072
.2046	0.5_0.5	6	02	075
.1999	0.5_0.5	6	02	078
.2131	0.5_0.5	6	02	079
.3452	0.5_0.5	6	02	076
.2884	0.5_0.5	6	02	077
.2377	0.5_0.5	6	02	080
.2477	0.5_0.5	6	02	081
.2612	0.5_0.5	6	02	083
.2808	0.5_0.5	6	02	082
.3828	0.5_0.5	6	02	084
.2782	0.5_0.5	6	02	086
.2633	0.5_0.5	6	02	085
.2307	0.5_0.5	6	02	088
.2581	0.5_0.5	6	02	087
.2587	0.5_0.5	6	02	090
.2479	0.5_0.5	6	02	089
.2166	0.5_0.5	6	02	091
.1814	0.5_0.5	6	02	093
.2993	0.5_0.5	6	02	092
.3296	0.5_0.5	6	02	094
.2915	0.5_0.5	6	02	095
.2716	0.5_0.5	6	02	096
.2486	0.5_0.5	6	02	097
.2974	0.5_0.5	6	02	100
.344	0.5_0.5	6	02	099
.3047	0.5_0.5	6	02	098
.3158	0.5_0.5	6	03	002
.496	0.5_0.5	6	03	001
.266	0.5_0.5	6	03	003
.3306	0.5_0.5	6	03	004
.3155	0.5_0.5	6	03	006
.4138	0.5_0.5	6	03	005
.2403	0.5_0.5	6	03	009
.3977	0.5_0.5	6	03	008
.4624	0.5_0.5	6	03	007
.3697	0.5_0.5	6	03	011
.3847	0.5_0.5	6	03	010
.2977	0.5_0.5	6	03	012
.3628	0.5_0.5	6	03	015
.3449	0.5_0.5	6	03	013
.3975	0.5_0.5	6	03	014
.2819	0.5_0.5	6	03	016
.4349	0.5_0.5	6	03	017
.5107	0.5_0.5	6	03	018
.3323	0.5_0.5	6	03	020
.3512	0.5_0.5	6	03	019
.3548	0.5_0.5	6	03	022
.2867	0.5_0.5	6	03	023
.4798	0.5_0.5	6	03	021
.3476	0.5_0.5	6	03	024
.3709	0.5_0.5	6	03	025
.3656	0.5_0.5	6	03	026
.3118	0.5_0.5	6	03	028
.3283	0.5_0.5	6	03	027
.2706	0.5_0.5	6	03	029
.3605	0.5_0.5	6	03	031
.487	0.5_0.5	6	03	030
.4116	0.5_0.5	6	03	032
.4056	0.5_0.5	6	03	034
.4081	0.5_0.5	6	03	033
.2914	0.5_0.5	6	03	035
.3456	0.5_0.5	6	03	036
.331	0.5_0.5	6	03	037
.425	0.5_0.5	6	03	038
.3783	0.5_0.5	6	03	042
.4011	0.5_0.5	6	03	043
.3389	0.5_0.5	6	03	044
.4376	0.5_0.5	6	03	041
.4445	0.5_0.5	6	03	039
.4315	0.5_0.5	6	03	040
.2461	0.5_0.5	6	03	046
.3255	0.5_0.5	6	03	047
.507	0.5_0.5	6	03	045
.4966	0.5_0.5	6	03	048
.3862	0.5_0.5	6	03	049
.3773	0.5_0.5	6	03	050
.4068	0.5_0.5	6	03	051
.467	0.5_0.5	6	03	052
.3988	0.5_0.5	6	03	053
.3664	0.5_0.5	6	03	056
.3188	0.5_0.5	6	03	054
.3532	0.5_0.5	6	03	055
.2497	0.5_0.5	6	03	057
.3009	0.5_0.5	6	03	058
.2825	0.5_0.5	6	03	059
.2802	0.5_0.5	6	03	060
.2901	0.5_0.5	6	03	061
.3009	0.5_0.5	6	03	062
.3934	0.5_0.5	6	03	063
.4601	0.5_0.5	6	03	064
.2904	0.5_0.5	6	03	066
.3629	0.5_0.5	6	03	067
.3807	0.5_0.5	6	03	065
.2363	0.5_0.5	6	03	068
.3519	0.5_0.5	6	03	069
.3156	0.5_0.5	6	03	072
.2952	0.5_0.5	6	03	076
.3486	0.5_0.5	6	03	074
.3477	0.5_0.5	6	03	075
.5212	0.5_0.5	6	03	070
.4113	0.5_0.5	6	03	073
.3184	0.5_0.5	6	03	077
.483	0.5_0.5	6	03	071
.3116	0.5_0.5	6	03	078
.3329	0.5_0.5	6	03	081
.4404	0.5_0.5	6	03	079
.3444	0.5_0.5	6	03	080
.4217	0.5_0.5	6	03	083
.4668	0.5_0.5	6	03	082
.3466	0.5_0.5	6	03	084
.3483	0.5_0.5	6	03	085
.269	0.5_0.5	6	03	089
.3533	0.5_0.5	6	03	087
.3077	0.5_0.5	6	03	088
.3046	0.5_0.5	6	03	090
.3882	0.5_0.5	6	03	086
.3077	0.5_0.5	6	03	092
.2929	0.5_0.5	6	03	093
.4432	0.5_0.5	6	03	091
.308	0.5_0.5	6	03	094
.331	0.5_0.5	6	03	096
.3193	0.5_0.5	6	03	095
.2523	0.5_0.5	6	03	099
.264	0.5_0.5	6	03	097
.3257	0.5_0.5	6	03	098
.3333	0.5_0.5	6	03	100
.476	0.5_0.5	6	04	001
.3454	0.5_0.5	6	04	002
.3531	0.5_0.5	6	04	004
.4326	0.5_0.5	6	04	003
.2305	0.5_0.5	6	04	010
.3136	0.5_0.5	6	04	006
.3178	0.5_0.5	6	04	009
.3423	0.5_0.5	6	04	005
.3767	0.5_0.5	6	04	008
.5022	0.5_0.5	6	04	007
.337	0.5_0.5	6	04	011
.3043	0.5_0.5	6	04	013
.3152	0.5_0.5	6	04	014
.5172	0.5_0.5	6	04	012
.3303	0.5_0.5	6	04	015
.3518	0.5_0.5	6	04	018
.3512	0.5_0.5	6	04	017
.3729	0.5_0.5	6	04	016
.3942	0.5_0.5	6	04	020
.4684	0.5_0.5	6	04	022
.3192	0.5_0.5	6	04	021
.5252	0.5_0.5	6	04	019
.3663	0.5_0.5	6	04	023
.2687	0.5_0.5	6	04	025
.3606	0.5_0.5	6	04	024
.2968	0.5_0.5	6	04	026
.3238	0.5_0.5	6	04	028
.3225	0.5_0.5	6	04	027
.3097	0.5_0.5	6	04	030
.4819	0.5_0.5	6	04	029
.3721	0.5_0.5	6	04	031
.315	0.5_0.5	6	04	032
.3512	0.5_0.5	6	04	034
.2698	0.5_0.5	6	04	037
.4107	0.5_0.5	6	04	035
.491	0.5_0.5	6	04	033
.4233	0.5_0.5	6	04	036
.2643	0.5_0.5	6	04	041
.4122	0.5_0.5	6	04	038
.3685	0.5_0.5	6	04	040
.468	0.5_0.5	6	04	039
.3176	0.5_0.5	6	04	042
.3336	0.5_0.5	6	04	044
.3189	0.5_0.5	6	04	043
.3136	0.5_0.5	6	04	045
.3194	0.5_0.5	6	04	047
.3411	0.5_0.5	6	04	048
.2935	0.5_0.5	6	04	050
.5334	0.5_0.5	6	04	046
.4141	0.5_0.5	6	04	049
.3101	0.5_0.5	6	04	053
.5207	0.5_0.5	6	04	052
.372	0.5_0.5	6	04	054
.5326	0.5_0.5	6	04	051
.4089	0.5_0.5	6	04	056
.4661	0.5_0.5	6	04	055
.3623	0.5_0.5	6	04	057
.3308	0.5_0.5	6	04	060
.3605	0.5_0.5	6	04	059
.4351	0.5_0.5	6	04	058
.3856	0.5_0.5	6	04	061
.3913	0.5_0.5	6	04	062
.3029	0.5_0.5	6	04	064
.4296	0.5_0.5	6	04	063
.3266	0.5_0.5	6	04	066
.3868	0.5_0.5	6	04	065
.4155	0.5_0.5	6	04	067
.3013	0.5_0.5	6	04	068
.3457	0.5_0.5	6	04	070
.3525	0.5_0.5	6	04	071
.3103	0.5_0.5	6	04	069
.4674	0.5_0.5	6	04	072
.488	0.5_0.5	6	04	073
.3316	0.5_0.5	6	04	074
.4843	0.5_0.5	6	04	075
.3266	0.5_0.5	6	04	076
.3625	0.5_0.5	6	04	079
.4905	0.5_0.5	6	04	077
.3053	0.5_0.5	6	04	078
.3284	0.5_0.5	6	04	081
.4242	0.5_0.5	6	04	080
.336	0.5_0.5	6	04	082
.3532	0.5_0.5	6	04	085
.4017	0.5_0.5	6	04	083
.5227	0.5_0.5	6	04	084
.3827	0.5_0.5	6	04	087
.5066	0.5_0.5	6	04	086
.4837	0.5_0.5	6	04	089
.4563	0.5_0.5	6	04	088
.3145	0.5_0.5	6	04	091
.3688	0.5_0.5	6	04	092
.3352	0.5_0.5	6	04	093
.4605	0.5_0.5	6	04	090
.3628	0.5_0.5	6	04	094
.3998	0.5_0.5	6	04	095
.2732	0.5_0.5	6	04	096
.3092	0.5_0.5	6	04	098
.4168	0.5_0.5	6	04	097
.204	0.5_0.5	6	05	001
.389	0.5_0.5	6	04	099
.2466	0.5_0.5	6	05	004
.3156	0.5_0.5	6	05	002
.2918	0.5_0.5	6	05	003
.254	0.5_0.5	6	05	005
.2492	0.5_0.5	6	05	006
.5034	0.5_0.5	6	04	100
.2468	0.5_0.5	6	05	007
.2582	0.5_0.5	6	05	008
.2682	0.5_0.5	6	05	009
.2018	0.5_0.5	6	05	010
.2217	0.5_0.5	6	05	011
.3014	0.5_0.5	6	05	013
.3303	0.5_0.5	6	05	012
.2319	0.5_0.5	6	05	014
.2727	0.5_0.5	6	05	015
.2329	0.5_0.5	6	05	017
.3697	0.5_0.5	6	05	016
.308	0.5_0.5	6	05	018
.2411	0.5_0.5	6	05	019
.2252	0.5_0.5	6	05	021
.4247	0.5_0.5	6	05	020
.2074	0.5_0.5	6	05	022
.1972	0.5_0.5	6	05	025
.3236	0.5_0.5	6	05	023
.2306	0.5_0.5	6	05	024
.2225	0.5_0.5	6	05	026
.2668	0.5_0.5	6	05	027
.2045	0.5_0.5	6	05	028
.2316	0.5_0.5	6	05	029
.2596	0.5_0.5	6	05	031
.2123	0.5_0.5	6	05	033
.3084	0.5_0.5	6	05	032
.3259	0.5_0.5	6	05	030
.1769	0.5_0.5	6	05	034
.1946	0.5_0.5	6	05	036
.1327	0.5_0.5	6	05	037
.4494	0.5_0.5	6	05	035
.2782	0.5_0.5	6	05	038
.2594	0.5_0.5	6	05	040
.3265	0.5_0.5	6	05	039
.255	0.5_0.5	6	05	041
.2326	0.5_0.5	6	05	042
.318	0.5_0.5	6	05	043
.233	0.5_0.5	6	05	044
.2534	0.5_0.5	6	05	045
.2938	0.5_0.5	6	05	047
.4617	0.5_0.5	6	05	046
.2384	0.5_0.5	6	05	048
.26	0.5_0.5	6	05	049
.1778	0.5_0.5	6	05	050
.3372	0.5_0.5	6	05	051
.1962	0.5_0.5	6	05	052
.1684	0.5_0.5	6	05	054
.2562	0.5_0.5	6	05	053
.1913	0.5_0.5	6	05	056
.2195	0.5_0.5	6	05	055
.2179	0.5_0.5	6	05	057
.2145	0.5_0.5	6	05	058
.272	0.5_0.5	6	05	059
.2432	0.5_0.5	6	05	060
.2655	0.5_0.5	6	05	063
.2576	0.5_0.5	6	05	061
.2645	0.5_0.5	6	05	064
.2297	0.5_0.5	6	05	066
.23	0.5_0.5	6	05	062
.222	0.5_0.5	6	05	065
.2485	0.5_0.5	6	05	067
.1975	0.5_0.5	6	05	069
.2553	0.5_0.5	6	05	068
.1969	0.5_0.5	6	05	070
.2569	0.5_0.5	6	05	072
.3196	0.5_0.5	6	05	071
.2782	0.5_0.5	6	05	073
.2429	0.5_0.5	6	05	074
.2695	0.5_0.5	6	05	075
.2409	0.5_0.5	6	05	078
.3289	0.5_0.5	6	05	076
.3067	0.5_0.5	6	05	077
.2651	0.5_0.5	6	05	080
.2574	0.5_0.5	6	05	079
.1943	0.5_0.5	6	05	081
.1664	0.5_0.5	6	05	082
.2216	0.5_0.5	6	05	083
.2037	0.5_0.5	6	05	084
.2817	0.5_0.5	6	05	086
.2074	0.5_0.5	6	05	089
.3491	0.5_0.5	6	05	088
.2969	0.5_0.5	6	05	087
.4415	0.5_0.5	6	05	085
.2731	0.5_0.5	6	05	090
.1738	0.5_0.5	6	05	092
.4547	0.5_0.5	6	05	091
.2197	0.5_0.5	6	05	094
.2481	0.5_0.5	6	05	093
.2482	0.5_0.5	6	05	095
.2666	0.5_0.5	6	05	097
.3828	0.5_0.5	6	05	096
.2304	0.5_0.5	6	05	099
.3669	0.5_0.5	6	05	098
.2395	0.5_0.5	6	05	100
.3371	0.5_0.5	6	06	002
.273	0.5_0.5	6	06	003
.4535	0.5_0.5	6	06	001
.4109	0.5_0.5	6	06	004
.3325	0.5_0.5	6	06	005
.3292	0.5_0.5	6	06	006
.4075	0.5_0.5	6	06	007
.3312	0.5_0.5	6	06	009
.3623	0.5_0.5	6	06	010
.4562	0.5_0.5	6	06	008
.3174	0.5_0.5	6	06	013
.3745	0.5_0.5	6	06	011
.4055	0.5_0.5	6	06	012
.3791	0.5_0.5	6	06	014
.2865	0.5_0.5	6	06	016
.2371	0.5_0.5	6	06	018
.4045	0.5_0.5	6	06	015
.3533	0.5_0.5	6	06	017
.3563	0.5_0.5	6	06	019
.3854	0.5_0.5	6	06	020
.3314	0.5_0.5	6	06	021
.3365	0.5_0.5	6	06	022
.2972	0.5_0.5	6	06	023
.4039	0.5_0.5	6	06	024
.2501	0.5_0.5	6	06	027
.3798	0.5_0.5	6	06	025
.4	0.5_0.5	6	06	026
.2957	0.5_0.5	6	06	028
.301	0.5_0.5	6	06	030
.2613	0.5_0.5	6	06	031
.3486	0.5_0.5	6	06	029
.3745	0.5_0.5	6	06	032
.344	0.5_0.5	6	06	033
.3583	0.5_0.5	6	06	034
.3626	0.5_0.5	6	06	035
.3748	0.5_0.5	6	06	036
.3032	0.5_0.5	6	06	038
.3411	0.5_0.5	6	06	037
.4322	0.5_0.5	6	06	039
.4228	0.5_0.5	6	06	040
.4338	0.5_0.5	6	06	041
.3585	0.5_0.5	6	06	044
.5077	0.5_0.5	6	06	042
.4915	0.5_0.5	6	06	043
.4296	0.5_0.5	6	06	046
.2397	0.5_0.5	6	06	047
.5487	0.5_0.5	6	06	045
.3667	0.5_0.5	6	06	048
.3634	0.5_0.5	6	06	050
.4898	0.5_0.5	6	06	049
.4004	0.5_0.5	6	06	051
.4176	0.5_0.5	6	06	052
.473	0.5_0.5	6	06	053
.4132	0.5_0.5	6	06	055
.5352	0.5_0.5	6	06	054
.355	0.5_0.5	6	06	056
.3154	0.5_0.5	6	06	058
.4647	0.5_0.5	6	06	057
.3828	0.5_0.5	6	06	059
.4164	0.5_0.5	6	06	060
.3336	0.5_0.5	6	06	062
.4035	0.5_0.5	6	06	061
.2978	0.5_0.5	6	06	064
.5012	0.5_0.5	6	06	063
.3728	0.5_0.5	6	06	065
.3736	0.5_0.5	6	06	066
.2768	0.5_0.5	6	06	067
.4002	0.5_0.5	6	06	069
.2616	0.5_0.5	6	06	070
.4953	0.5_0.5	6	06	068
.3612	0.5_0.5	6	06	071
.2722	0.5_0.5	6	06	073
.3538	0.5_0.5	6	06	072
.3307	0.5_0.5	6	06	074
.2637	0.5_0.5	6	06	078
.3552	0.5_0.5	6	06	075
.323	0.5_0.5	6	06	077
.3793	0.5_0.5	6	06	076
.3522	0.5_0.5	6	06	079
.3523	0.5_0.5	6	06	080
.3285	0.5_0.5	6	06	082
.3615	0.5_0.5	6	06	081
.3327	0.5_0.5	6	06	083
.3867	0.5_0.5	6	06	085
.3156	0.5_0.5	6	06	084
.3848	0.5_0.5	6	06	086
.3749	0.5_0.5	6	06	088
.3066	0.5_0.5	6	06	089
.5901	0.5_0.5	6	06	087
.2833	0.5_0.5	6	06	090
.32	0.5_0.5	6	06	091
.338	0.5_0.5	6	06	092
.2735	0.5_0.5	6	06	094
.3719	0.5_0.5	6	06	093
.261	0.5_0.5	6	06	095
.4004	0.5_0.5	6	06	096
.4029	0.5_0.5	6	06	097
.3512	0.5_0.5	6	06	098
.3458	0.5_0.5	6	06	099
.2165	0.5_0.5	6	07	002
.3776	0.5_0.5	6	06	100
.3217	0.5_0.5	6	07	003
.2283	0.5_0.5	6	07	005
.3497	0.5_0.5	6	07	004
.303	0.5_0.5	6	07	006
.6145	0.5_0.5	6	07	001
.2368	0.5_0.5	6	07	007
.2787	0.5_0.5	6	07	008
.258	0.5_0.5	6	07	009
.2959	0.5_0.5	6	07	011
.2437	0.5_0.5	6	07	010
.1727	0.5_0.5	6	07	014
.356	0.5_0.5	6	07	012
.3011	0.5_0.5	6	07	013
.2724	0.5_0.5	6	07	015
.2577	0.5_0.5	6	07	017
.3273	0.5_0.5	6	07	016
.2369	0.5_0.5	6	07	018
.2569	0.5_0.5	6	07	019
.3012	0.5_0.5	6	07	021
.253	0.5_0.5	6	07	022
.2513	0.5_0.5	6	07	025
.1894	0.5_0.5	6	07	026
.3146	0.5_0.5	6	07	023
.5135	0.5_0.5	6	07	020
.2981	0.5_0.5	6	07	024
.2843	0.5_0.5	6	07	027
.2744	0.5_0.5	6	07	028
.2543	0.5_0.5	6	07	030
.3753	0.5_0.5	6	07	029
.2184	0.5_0.5	6	07	031
.4655	0.5_0.5	6	07	032
.2397	0.5_0.5	6	07	033
.2944	0.5_0.5	6	07	035
.2506	0.5_0.5	6	07	034
.3091	0.5_0.5	6	07	037
.3392	0.5_0.5	6	07	036
.2279	0.5_0.5	6	07	039
.3703	0.5_0.5	6	07	038
.294	0.5_0.5	6	07	040
.2591	0.5_0.5	6	07	044
.3198	0.5_0.5	6	07	041
.2823	0.5_0.5	6	07	043
.3895	0.5_0.5	6	07	042
.3325	0.5_0.5	6	07	045
.2737	0.5_0.5	6	07	046
.4417	0.5_0.5	6	07	047
.2336	0.5_0.5	6	07	048
.1765	0.5_0.5	6	07	050
.2569	0.5_0.5	6	07	049
.3528	0.5_0.5	6	07	051
.2312	0.5_0.5	6	07	055
.22	0.5_0.5	6	07	052
.2752	0.5_0.5	6	07	053
.2713	0.5_0.5	6	07	054
.2998	0.5_0.5	6	07	058
.3174	0.5_0.5	6	07	057
.2973	0.5_0.5	6	07	056
.2878	0.5_0.5	6	07	059
.2049	0.5_0.5	6	07	060
.2111	0.5_0.5	6	07	061
.3501	0.5_0.5	6	07	062
.2813	0.5_0.5	6	07	064
.4701	0.5_0.5	6	07	063
.306	0.5_0.5	6	07	065
.2601	0.5_0.5	6	07	069
.294	0.5_0.5	6	07	066
.2332	0.5_0.5	6	07	068
.307	0.5_0.5	6	07	067
.4078	0.5_0.5	6	07	070
.3306	0.5_0.5	6	07	071
.2351	0.5_0.5	6	07	072
.2338	0.5_0.5	6	07	073
.269	0.5_0.5	6	07	076
.2682	0.5_0.5	6	07	078
.2418	0.5_0.5	6	07	077
.3288	0.5_0.5	6	07	075
.3574	0.5_0.5	6	07	074
.2481	0.5_0.5	6	07	079
.2707	0.5_0.5	6	07	080
.283	0.5_0.5	6	07	082
.2856	0.5_0.5	6	07	083
.3242	0.5_0.5	6	07	081
.2902	0.5_0.5	6	07	085
.2986	0.5_0.5	6	07	084
.2541	0.5_0.5	6	07	087
.2016	0.5_0.5	6	07	089
.3909	0.5_0.5	6	07	086
.2343	0.5_0.5	6	07	088
.196	0.5_0.5	6	07	090
.3105	0.5_0.5	6	07	091
.2051	0.5_0.5	6	07	092
.2598	0.5_0.5	6	07	093
.2487	0.5_0.5	6	07	095
.3863	0.5_0.5	6	07	094
.2495	0.5_0.5	6	07	096
.2403	0.5_0.5	6	07	099
.2122	0.5_0.5	6	07	097
.3053	0.5_0.5	6	07	098
.2305	0.5_0.5	6	07	100
.1803	0.5_0.5	6	08	001
.1434	0.5_0.5	6	08	003
.1729	0.5_0.5	6	08	002
.1691	0.5_0.5	6	08	004
.1699	0.5_0.5	6	08	005
.1503	0.5_0.5	6	08	006
.1445	0.5_0.5	6	08	007
.1841	0.5_0.5	6	08	008
.1721	0.5_0.5	6	08	009
.3592	0.5_0.5	6	08	010
.116	0.5_0.5	6	08	011
.1215	0.5_0.5	6	08	012
.125	0.5_0.5	6	08	013
.2345	0.5_0.5	6	08	014
.2556	0.5_0.5	6	08	015
.1472	0.5_0.5	6	08	018
.1439	0.5_0.5	6	08	016
.167	0.5_0.5	6	08	017
.1551	0.5_0.5	6	08	021
.1798	0.5_0.5	6	08	022
.2406	0.5_0.5	6	08	020
.1924	0.5_0.5	6	08	019
.1566	0.5_0.5	6	08	023
.2791	0.5_0.5	6	08	024
.2127	0.5_0.5	6	08	025
.2451	0.5_0.5	6	08	026
.2673	0.5_0.5	6	08	027
.1996	0.5_0.5	6	08	030
.2011	0.5_0.5	6	08	029
.359	0.5_0.5	6	08	028
.2126	0.5_0.5	6	08	031
.1564	0.5_0.5	6	08	032
.1725	0.5_0.5	6	08	034
.3472	0.5_0.5	6	08	033
.1402	0.5_0.5	6	08	036
.3731	0.5_0.5	6	08	035
.1461	0.5_0.5	6	08	037
.181	0.5_0.5	6	08	038
.1497	0.5_0.5	6	08	039
.1881	0.5_0.5	6	08	040
.1641	0.5_0.5	6	08	043
.3359	0.5_0.5	6	08	041
.1912	0.5_0.5	6	08	042
.1926	0.5_0.5	6	08	044
.1986	0.5_0.5	6	08	045
.1539	0.5_0.5	6	08	046
.2346	0.5_0.5	6	08	047
.1678	0.5_0.5	6	08	049
.1747	0.5_0.5	6	08	048
.1369	0.5_0.5	6	08	051
.2295	0.5_0.5	6	08	054
.2477	0.5_0.5	6	08	052
.3251	0.5_0.5	6	08	050
.3405	0.5_0.5	6	08	053
.147	0.5_0.5	6	08	055
.277	0.5_0.5	6	08	056
.1698	0.5_0.5	6	08	057
.2461	0.5_0.5	6	08	058
.1814	0.5_0.5	6	08	059
.1955	0.5_0.5	6	08	061
.244	0.5_0.5	6	08	062
.1353	0.5_0.5	6	08	063
.3096	0.5_0.5	6	08	060
.1448	0.5_0.5	6	08	064
.1483	0.5_0.5	6	08	066
.1921	0.5_0.5	6	08	065
.2197	0.5_0.5	6	08	067
.1508	0.5_0.5	6	08	070
.2786	0.5_0.5	6	08	069
.184	0.5_0.5	6	08	072
.384	0.5_0.5	6	08	068
.2723	0.5_0.5	6	08	071
.1696	0.5_0.5	6	08	074
.14	0.5_0.5	6	08	073
.2307	0.5_0.5	6	08	075
.1894	0.5_0.5	6	08	076
.2136	0.5_0.5	6	08	078
.2037	0.5_0.5	6	08	077
.1891	0.5_0.5	6	08	079
.1664	0.5_0.5	6	08	080
.1262	0.5_0.5	6	08	082
.1346	0.5_0.5	6	08	083
.3593	0.5_0.5	6	08	081
.221	0.5_0.5	6	08	084
.1788	0.5_0.5	6	08	085
.1461	0.5_0.5	6	08	087
.2501	0.5_0.5	6	08	086
.1579	0.5_0.5	6	08	088
.1635	0.5_0.5	6	08	089
.1877	0.5_0.5	6	08	092
.1475	0.5_0.5	6	08	090
.1843	0.5_0.5	6	08	091
.1686	0.5_0.5	6	08	095
.1356	0.5_0.5	6	08	093
.213	0.5_0.5	6	08	096
.1916	0.5_0.5	6	08	094
.122	0.5_0.5	6	08	097
.2701	0.5_0.5	6	08	098
.2376	0.5_0.5	6	08	100
.1513	0.5_0.5	6	09	001
.2611	0.5_0.5	6	08	099
.2317	0.5_0.5	6	09	002
.2725	0.5_0.5	6	09	003
.1261	0.5_0.5	6	09	007
.1964	0.5_0.5	6	09	006
.2334	0.5_0.5	6	09	005
.3393	0.5_0.5	6	09	004
.1832	0.5_0.5	6	09	008
.1552	0.5_0.5	6	09	009
.2156	0.5_0.5	6	09	010
.2392	0.5_0.5	6	09	011
.1754	0.5_0.5	6	09	012
.2031	0.5_0.5	6	09	013
.218	0.5_0.5	6	09	014
.277	0.5_0.5	6	09	015
.3558	0.5_0.5	6	09	016
.2052	0.5_0.5	6	09	018
.2868	0.5_0.5	6	09	017
.2028	0.5_0.5	6	09	019
.2243	0.5_0.5	6	09	020
.3201	0.5_0.5	6	09	021
.1888	0.5_0.5	6	09	024
.237	0.5_0.5	6	09	023
.2575	0.5_0.5	6	09	022
.1687	0.5_0.5	6	09	026
.2335	0.5_0.5	6	09	027
.2206	0.5_0.5	6	09	028
.2274	0.5_0.5	6	09	030
.2936	0.5_0.5	6	09	029
.475	0.5_0.5	6	09	025
.1757	0.5_0.5	6	09	031
.1526	0.5_0.5	6	09	032
.2062	0.5_0.5	6	09	035
.3541	0.5_0.5	6	09	034
.3131	0.5_0.5	6	09	033
.1738	0.5_0.5	6	09	037
.3087	0.5_0.5	6	09	036
.1508	0.5_0.5	6	09	039
.3518	0.5_0.5	6	09	038
.1671	0.5_0.5	6	09	041
.2507	0.5_0.5	6	09	040
.2123	0.5_0.5	6	09	042
.2271	0.5_0.5	6	09	043
.2417	0.5_0.5	6	09	044
.2266	0.5_0.5	6	09	045
.1621	0.5_0.5	6	09	048
.1501	0.5_0.5	6	09	049
.2913	0.5_0.5	6	09	047
.2845	0.5_0.5	6	09	046
.2197	0.5_0.5	6	09	050
.31	0.5_0.5	6	09	051
.1575	0.5_0.5	6	09	053
.1907	0.5_0.5	6	09	052
.1881	0.5_0.5	6	09	054
.2487	0.5_0.5	6	09	056
.1692	0.5_0.5	6	09	057
.2537	0.5_0.5	6	09	055
.301	0.5_0.5	6	09	058
.2779	0.5_0.5	6	09	059
.3638	0.5_0.5	6	09	060
.2268	0.5_0.5	6	09	061
.2983	0.5_0.5	6	09	062
.1852	0.5_0.5	6	09	064
.3637	0.5_0.5	6	09	063
.2256	0.5_0.5	6	09	067
.316	0.5_0.5	6	09	066
.168	0.5_0.5	6	09	068
.3026	0.5_0.5	6	09	065
.2276	0.5_0.5	6	09	069
.2697	0.5_0.5	6	09	070
.3032	0.5_0.5	6	09	071
.2331	0.5_0.5	6	09	073
.2577	0.5_0.5	6	09	072
.1351	0.5_0.5	6	09	074
.2613	0.5_0.5	6	09	076
.2016	0.5_0.5	6	09	077
.3707	0.5_0.5	6	09	075
.1672	0.5_0.5	6	09	081
.253	0.5_0.5	6	09	080
.2126	0.5_0.5	6	09	079
.2047	0.5_0.5	6	09	078
.323	0.5_0.5	6	09	082
.2128	0.5_0.5	6	09	083
.2186	0.5_0.5	6	09	084
.2896	0.5_0.5	6	09	085
.1891	0.5_0.5	6	09	086
.2054	0.5_0.5	6	09	087
.1593	0.5_0.5	6	09	088
.2014	0.5_0.5	6	09	089
.1918	0.5_0.5	6	09	091
.2044	0.5_0.5	6	09	092
.1814	0.5_0.5	6	09	093
.4791	0.5_0.5	6	09	090
.2207	0.5_0.5	6	09	094
.3505	0.5_0.5	6	09	095
.1727	0.5_0.5	6	09	096
.1721	0.5_0.5	6	09	100
.2475	0.5_0.5	6	09	099
.1956	0.5_0.5	6	09	098
.3781	0.5_0.5	6	09	097
.2339	0.5_0.5	6	10	003
.3201	0.5_0.5	6	10	001
.3892	0.5_0.5	6	10	002
.1946	0.5_0.5	6	10	005
.2135	0.5_0.5	6	10	006
.215	0.5_0.5	6	10	004
.1833	0.5_0.5	6	10	007
.2002	0.5_0.5	6	10	008
.2231	0.5_0.5	6	10	009
.2247	0.5_0.5	6	10	010
.3186	0.5_0.5	6	10	011
.2715	0.5_0.5	6	10	012
.3687	0.5_0.5	6	10	013
.2318	0.5_0.5	6	10	014
.2661	0.5_0.5	6	10	015
.2337	0.5_0.5	6	10	016
.234	0.5_0.5	6	10	017
.2445	0.5_0.5	6	10	018
.1497	0.5_0.5	6	10	019
.1921	0.5_0.5	6	10	020
.2181	0.5_0.5	6	10	021
.201	0.5_0.5	6	10	022
.1721	0.5_0.5	6	10	023
.2315	0.5_0.5	6	10	024
.2188	0.5_0.5	6	10	025
.2828	0.5_0.5	6	10	026
.23	0.5_0.5	6	10	027
.245	0.5_0.5	6	10	028
.1636	0.5_0.5	6	10	030
.1891	0.5_0.5	6	10	031
.1892	0.5_0.5	6	10	029
.2056	0.5_0.5	6	10	032
.1794	0.5_0.5	6	10	033
.149	0.5_0.5	6	10	035
.1698	0.5_0.5	6	10	034
.1677	0.5_0.5	6	10	036
.2172	0.5_0.5	6	10	038
.2606	0.5_0.5	6	10	037
.1406	0.5_0.5	6	10	040
.1435	0.5_0.5	6	10	042
.231	0.5_0.5	6	10	041
.279	0.5_0.5	6	10	039
.2545	0.5_0.5	6	10	043
.2442	0.5_0.5	6	10	044
.2778	0.5_0.5	6	10	045
.1696	0.5_0.5	6	10	049
.3516	0.5_0.5	6	10	047
.2668	0.5_0.5	6	10	048
.3814	0.5_0.5	6	10	046
.2321	0.5_0.5	6	10	051
.2725	0.5_0.5	6	10	053
.4055	0.5_0.5	6	10	050
.4054	0.5_0.5	6	10	052
.1968	0.5_0.5	6	10	054
.1657	0.5_0.5	6	10	055
.228	0.5_0.5	6	10	056
.1807	0.5_0.5	6	10	057
.2151	0.5_0.5	6	10	058
.191	0.5_0.5	6	10	060
.248	0.5_0.5	6	10	059
.1512	0.5_0.5	6	10	062
.1882	0.5_0.5	6	10	064
.1907	0.5_0.5	6	10	063
.3437	0.5_0.5	6	10	061
.3176	0.5_0.5	6	10	065
.2866	0.5_0.5	6	10	066
.2494	0.5_0.5	6	10	067
.3901	0.5_0.5	6	10	068
.2523	0.5_0.5	6	10	070
.2028	0.5_0.5	6	10	069
.1722	0.5_0.5	6	10	071
.1936	0.5_0.5	6	10	074
.2773	0.5_0.5	6	10	073
.2206	0.5_0.5	6	10	075
.4154	0.5_0.5	6	10	072
.2339	0.5_0.5	6	10	076
.1655	0.5_0.5	6	10	077
.2753	0.5_0.5	6	10	078
.2047	0.5_0.5	6	10	079
.2596	0.5_0.5	6	10	080
.4328	0.5_0.5	6	10	081
.1618	0.5_0.5	6	10	084
.3014	0.5_0.5	6	10	083
.1822	0.5_0.5	6	10	085
.2205	0.5_0.5	6	10	082
.174	0.5_0.5	6	10	086
.2787	0.5_0.5	6	10	087
.2008	0.5_0.5	6	10	089
.2478	0.5_0.5	6	10	088
.2185	0.5_0.5	6	10	090
.2599	0.5_0.5	6	10	091
.2875	0.5_0.5	6	10	092
.1619	0.5_0.5	6	10	095
.2335	0.5_0.5	6	10	094
.1624	0.5_0.5	6	10	096
.3477	0.5_0.5	6	10	093
.2306	0.5_0.5	6	10	097
.1443	0.5_0.5	6	10	098
.3221	0.5_0.5	6	10	099
.2258	0.5_0.5	6	10	100
.2914	1.5_1	5.5	01	001
.2913	1.5_1	5.5	01	002
.177	1.5_1	5.5	01	004
.2843	1.5_1	5.5	01	005
.2141	1.5_1	5.5	01	008
.3294	1.5_1	5.5	01	006
.3995	1.5_1	5.5	01	007
.4916	1.5_1	5.5	01	003
.1963	1.5_1	5.5	01	011
.2669	1.5_1	5.5	01	010
.2781	1.5_1	5.5	01	009
.3674	1.5_1	5.5	01	012
.1953	1.5_1	5.5	01	013
.2481	1.5_1	5.5	01	017
.3564	1.5_1	5.5	01	015
.3077	1.5_1	5.5	01	014
.2842	1.5_1	5.5	01	018
.3328	1.5_1	5.5	01	016
.2659	1.5_1	5.5	01	019
.3	1.5_1	5.5	01	020
.2496	1.5_1	5.5	01	022
.483	1.5_1	5.5	01	021
.2862	1.5_1	5.5	01	024
.2474	1.5_1	5.5	01	023
.2299	1.5_1	5.5	01	027
.3411	1.5_1	5.5	01	025
.4291	1.5_1	5.5	01	026
.2918	1.5_1	5.5	01	028
.1998	1.5_1	5.5	01	029
.3783	1.5_1	5.5	01	030
.2676	1.5_1	5.5	01	031
.2431	1.5_1	5.5	01	032
.3365	1.5_1	5.5	01	033
.2407	1.5_1	5.5	01	034
.2963	1.5_1	5.5	01	035
.2006	1.5_1	5.5	01	037
.2576	1.5_1	5.5	01	038
.2988	1.5_1	5.5	01	036
.2239	1.5_1	5.5	01	039
.2703	1.5_1	5.5	01	041
.2109	1.5_1	5.5	01	040
.1591	1.5_1	5.5	01	042
.2847	1.5_1	5.5	01	043
.2387	1.5_1	5.5	01	044
.2767	1.5_1	5.5	01	045
.2726	1.5_1	5.5	01	046
.2675	1.5_1	5.5	01	049
.2373	1.5_1	5.5	01	047
.2542	1.5_1	5.5	01	048
.2628	1.5_1	5.5	01	052
.2229	1.5_1	5.5	01	050
.2821	1.5_1	5.5	01	051
.2365	1.5_1	5.5	01	053
.3208	1.5_1	5.5	01	054
.2024	1.5_1	5.5	01	055
.2781	1.5_1	5.5	01	056
.2442	1.5_1	5.5	01	058
.1807	1.5_1	5.5	01	060
.3119	1.5_1	5.5	01	057
.3044	1.5_1	5.5	01	059
.2358	1.5_1	5.5	01	061
.2536	1.5_1	5.5	01	062
.3553	1.5_1	5.5	01	063
.2948	1.5_1	5.5	01	064
.2184	1.5_1	5.5	01	066
.2911	1.5_1	5.5	01	065
.2794	1.5_1	5.5	01	067
.2966	1.5_1	5.5	01	068
.3215	1.5_1	5.5	01	070
.4354	1.5_1	5.5	01	069
.3427	1.5_1	5.5	01	072
.3255	1.5_1	5.5	01	071
.3673	1.5_1	5.5	01	073
.3262	1.5_1	5.5	01	075
.4937	1.5_1	5.5	01	074
.4427	1.5_1	5.5	01	076
.4164	1.5_1	5.5	01	077
.2481	1.5_1	5.5	01	078
.2497	1.5_1	5.5	01	080
.2618	1.5_1	5.5	01	083
.2987	1.5_1	5.5	01	082
.2214	1.5_1	5.5	01	084
.3225	1.5_1	5.5	01	081
.4253	1.5_1	5.5	01	079
.2532	1.5_1	5.5	01	085
.2972	1.5_1	5.5	01	086
.2421	1.5_1	5.5	01	088
.1718	1.5_1	5.5	01	092
.3888	1.5_1	5.5	01	087
.2492	1.5_1	5.5	01	091
.2127	1.5_1	5.5	01	093
.3821	1.5_1	5.5	01	090
.4281	1.5_1	5.5	01	089
.2851	1.5_1	5.5	01	094
.2931	1.5_1	5.5	01	095
.2148	1.5_1	5.5	01	096
.2685	1.5_1	5.5	01	097
.2301	1.5_1	5.5	01	099
.3618	1.5_1	5.5	01	098
.2911	1.5_1	5.5	02	001
.3196	1.5_1	5.5	02	002
.2615	1.5_1	5.5	02	003
.5273	1.5_1	5.5	01	100
.3065	1.5_1	5.5	02	006
.3173	1.5_1	5.5	02	005
.3797	1.5_1	5.5	02	004
.5119	1.5_1	5.5	02	007
.4985	1.5_1	5.5	02	009
.5644	1.5_1	5.5	02	008
.2676	1.5_1	5.5	02	012
.35	1.5_1	5.5	02	011
.4516	1.5_1	5.5	02	010
.3316	1.5_1	5.5	02	014
.3592	1.5_1	5.5	02	016
.4903	1.5_1	5.5	02	015
.3921	1.5_1	5.5	02	013
.2257	1.5_1	5.5	02	017
.252	1.5_1	5.5	02	018
.2699	1.5_1	5.5	02	019
.3406	1.5_1	5.5	02	021
.4591	1.5_1	5.5	02	020
.4035	1.5_1	5.5	02	022
.2532	1.5_1	5.5	02	026
.3209	1.5_1	5.5	02	024
.2664	1.5_1	5.5	02	025
.5315	1.5_1	5.5	02	023
.2669	1.5_1	5.5	02	028
.4722	1.5_1	5.5	02	027
.3384	1.5_1	5.5	02	029
.3244	1.5_1	5.5	02	030
.2926	1.5_1	5.5	02	031
.2394	1.5_1	5.5	02	032
.2218	1.5_1	5.5	02	035
.2915	1.5_1	5.5	02	034
.2483	1.5_1	5.5	02	038
.4376	1.5_1	5.5	02	033
.4172	1.5_1	5.5	02	036
.331	1.5_1	5.5	02	037
.2549	1.5_1	5.5	02	040
.4164	1.5_1	5.5	02	039
.3051	1.5_1	5.5	02	042
.3758	1.5_1	5.5	02	041
.2356	1.5_1	5.5	02	045
.293	1.5_1	5.5	02	044
.2608	1.5_1	5.5	02	046
.4091	1.5_1	5.5	02	043
.2325	1.5_1	5.5	02	047
.2442	1.5_1	5.5	02	048
.3808	1.5_1	5.5	02	049
.2528	1.5_1	5.5	02	050
.3031	1.5_1	5.5	02	051
.3247	1.5_1	5.5	02	052
.3039	1.5_1	5.5	02	053
.2612	1.5_1	5.5	02	055
.333	1.5_1	5.5	02	054
.2811	1.5_1	5.5	02	056
.3002	1.5_1	5.5	02	057
.3354	1.5_1	5.5	02	058
.2303	1.5_1	5.5	02	061
.2989	1.5_1	5.5	02	060
.4314	1.5_1	5.5	02	059
.3506	1.5_1	5.5	02	062
.3278	1.5_1	5.5	02	063
.3221	1.5_1	5.5	02	064
.4305	1.5_1	5.5	02	065
.2429	1.5_1	5.5	02	069
.5005	1.5_1	5.5	02	066
.3124	1.5_1	5.5	02	070
.5198	1.5_1	5.5	02	067
.5608	1.5_1	5.5	02	068
.2867	1.5_1	5.5	02	073
.2023	1.5_1	5.5	02	074
.4076	1.5_1	5.5	02	071
.2359	1.5_1	5.5	02	075
.4098	1.5_1	5.5	02	072
.2335	1.5_1	5.5	02	078
.2952	1.5_1	5.5	02	077
.3166	1.5_1	5.5	02	076
.2684	1.5_1	5.5	02	079
.3837	1.5_1	5.5	02	080
.2153	1.5_1	5.5	02	081
.2483	1.5_1	5.5	02	083
.4335	1.5_1	5.5	02	082
.2486	1.5_1	5.5	02	085
.3805	1.5_1	5.5	02	084
.2459	1.5_1	5.5	02	086
.2393	1.5_1	5.5	02	088
.2686	1.5_1	5.5	02	087
.2728	1.5_1	5.5	02	089
.2784	1.5_1	5.5	02	090
.2967	1.5_1	5.5	02	091
.2659	1.5_1	5.5	02	093
.309	1.5_1	5.5	02	092
.3491	1.5_1	5.5	02	094
.3321	1.5_1	5.5	02	095
.2777	1.5_1	5.5	02	096
.3698	1.5_1	5.5	02	097
.2748	1.5_1	5.5	02	098
.2679	1.5_1	5.5	02	099
.3446	1.5_1	5.5	02	100
.3228	1.5_1	5.5	03	003
.6573	1.5_1	5.5	03	001
.6661	1.5_1	5.5	03	002
.3806	1.5_1	5.5	03	004
.4132	1.5_1	5.5	03	006
.3542	1.5_1	5.5	03	011
.2885	1.5_1	5.5	03	009
.5399	1.5_1	5.5	03	005
.4266	1.5_1	5.5	03	008
.5541	1.5_1	5.5	03	007
.4764	1.5_1	5.5	03	010
.3875	1.5_1	5.5	03	013
.5145	1.5_1	5.5	03	014
.3578	1.5_1	5.5	03	015
.7722	1.5_1	5.5	03	012
.3745	1.5_1	5.5	03	016
.3854	1.5_1	5.5	03	020
.4306	1.5_1	5.5	03	019
.5016	1.5_1	5.5	03	017
.4851	1.5_1	5.5	03	018
.5733	1.5_1	5.5	03	021
.4425	1.5_1	5.5	03	022
.3121	1.5_1	5.5	03	025
.4253	1.5_1	5.5	03	023
.4068	1.5_1	5.5	03	026
.4487	1.5_1	5.5	03	024
.3886	1.5_1	5.5	03	027
.3164	1.5_1	5.5	03	028
.3421	1.5_1	5.5	03	029
.3246	1.5_1	5.5	03	031
.4421	1.5_1	5.5	03	030
.4903	1.5_1	5.5	03	032
.3825	1.5_1	5.5	03	034
.4352	1.5_1	5.5	03	033
.4151	1.5_1	5.5	03	035
.4213	1.5_1	5.5	03	037
.4445	1.5_1	5.5	03	036
.4326	1.5_1	5.5	03	038
.4643	1.5_1	5.5	03	042
.5396	1.5_1	5.5	03	040
.5022	1.5_1	5.5	03	041
.5834	1.5_1	5.5	03	039
.4419	1.5_1	5.5	03	043
.4285	1.5_1	5.5	03	044
.319	1.5_1	5.5	03	047
.3806	1.5_1	5.5	03	046
.382	1.5_1	5.5	03	050
.4328	1.5_1	5.5	03	049
.6091	1.5_1	5.5	03	045
.5661	1.5_1	5.5	03	048
.3301	1.5_1	5.5	03	053
.4243	1.5_1	5.5	03	051
.3293	1.5_1	5.5	03	054
.5505	1.5_1	5.5	03	052
.3156	1.5_1	5.5	03	056
.2655	1.5_1	5.5	03	057
.304	1.5_1	5.5	03	059
.3816	1.5_1	5.5	03	060
.4552	1.5_1	5.5	03	055
.3853	1.5_1	5.5	03	058
.3568	1.5_1	5.5	03	062
.462	1.5_1	5.5	03	061
.4537	1.5_1	5.5	03	063
.5431	1.5_1	5.5	03	064
.4655	1.5_1	5.5	03	065
.3906	1.5_1	5.5	03	066
.314	1.5_1	5.5	03	068
.4731	1.5_1	5.5	03	067
.3689	1.5_1	5.5	03	069
.3764	1.5_1	5.5	03	072
.4074	1.5_1	5.5	03	074
.4762	1.5_1	5.5	03	073
.6318	1.5_1	5.5	03	070
.4799	1.5_1	5.5	03	076
.4351	1.5_1	5.5	03	075
.6247	1.5_1	5.5	03	071
.4202	1.5_1	5.5	03	078
.4068	1.5_1	5.5	03	077
.4806	1.5_1	5.5	03	080
.3456	1.5_1	5.5	03	081
.4248	1.5_1	5.5	03	084
.4558	1.5_1	5.5	03	083
.3566	1.5_1	5.5	03	085
.575	1.5_1	5.5	03	082
.6357	1.5_1	5.5	03	079
.3088	1.5_1	5.5	03	089
.4846	1.5_1	5.5	03	086
.4835	1.5_1	5.5	03	087
.3373	1.5_1	5.5	03	088
.3365	1.5_1	5.5	03	092
.3932	1.5_1	5.5	03	090
.507	1.5_1	5.5	03	091
.3488	1.5_1	5.5	03	093
.3525	1.5_1	5.5	03	094
.2912	1.5_1	5.5	03	095
.329	1.5_1	5.5	03	096
.3363	1.5_1	5.5	03	097
.4016	1.5_1	5.5	03	098
.3773	1.5_1	5.5	03	100
.3689	1.5_1	5.5	03	099
.4409	1.5_1	5.5	04	001
.2821	1.5_1	5.5	04	004
.4033	1.5_1	5.5	04	002
.3723	1.5_1	5.5	04	003
.2491	1.5_1	5.5	04	006
.3257	1.5_1	5.5	04	005
.2783	1.5_1	5.5	04	010
.3893	1.5_1	5.5	04	008
.3801	1.5_1	5.5	04	009
.3119	1.5_1	5.5	04	011
.5229	1.5_1	5.5	04	007
.2418	1.5_1	5.5	04	013
.3095	1.5_1	5.5	04	014
.3286	1.5_1	5.5	04	016
.2607	1.5_1	5.5	04	017
.5347	1.5_1	5.5	04	012
.4555	1.5_1	5.5	04	015
.2852	1.5_1	5.5	04	018
.2158	1.5_1	5.5	04	021
.3388	1.5_1	5.5	04	020
.4022	1.5_1	5.5	04	022
.3788	1.5_1	5.5	04	023
.2985	1.5_1	5.5	04	024
.2744	1.5_1	5.5	04	025
.6093	1.5_1	5.5	04	019
.3192	1.5_1	5.5	04	026
.2993	1.5_1	5.5	04	027
.3631	1.5_1	5.5	04	028
.3146	1.5_1	5.5	04	030
.3625	1.5_1	5.5	04	029
.3314	1.5_1	5.5	04	031
.3359	1.5_1	5.5	04	032
.2801	1.5_1	5.5	04	034
.3034	1.5_1	5.5	04	036
.2593	1.5_1	5.5	04	037
.4522	1.5_1	5.5	04	035
.5347	1.5_1	5.5	04	033
.3813	1.5_1	5.5	04	038
.2277	1.5_1	5.5	04	044
.2934	1.5_1	5.5	04	041
.2448	1.5_1	5.5	04	043
.3418	1.5_1	5.5	04	042
.3896	1.5_1	5.5	04	040
.4898	1.5_1	5.5	04	039
.3137	1.5_1	5.5	04	045
.3089	1.5_1	5.5	04	047
.2738	1.5_1	5.5	04	048
.2398	1.5_1	5.5	04	050
.3566	1.5_1	5.5	04	049
.3569	1.5_1	5.5	04	046
.2675	1.5_1	5.5	04	053
.335	1.5_1	5.5	04	055
.4826	1.5_1	5.5	04	052
.343	1.5_1	5.5	04	054
.3614	1.5_1	5.5	04	057
.3238	1.5_1	5.5	04	056
.5953	1.5_1	5.5	04	051
.3242	1.5_1	5.5	04	059
.4541	1.5_1	5.5	04	058
.3021	1.5_1	5.5	04	060
.3502	1.5_1	5.5	04	061
.3475	1.5_1	5.5	04	062
.3801	1.5_1	5.5	04	064
.3299	1.5_1	5.5	04	065
.4502	1.5_1	5.5	04	063
.3493	1.5_1	5.5	04	066
.2526	1.5_1	5.5	04	069
.2875	1.5_1	5.5	04	068
.2865	1.5_1	5.5	04	070
.5177	1.5_1	5.5	04	067
.2896	1.5_1	5.5	04	073
.3257	1.5_1	5.5	04	071
.3732	1.5_1	5.5	04	072
.3152	1.5_1	5.5	04	074
.3548	1.5_1	5.5	04	076
.3101	1.5_1	5.5	04	078
.2806	1.5_1	5.5	04	079
.4614	1.5_1	5.5	04	075
.2608	1.5_1	5.5	04	081
.3717	1.5_1	5.5	04	080
.5198	1.5_1	5.5	04	077
.3557	1.5_1	5.5	04	082
.2296	1.5_1	5.5	04	084
.3998	1.5_1	5.5	04	083
.4142	1.5_1	5.5	04	085
.2935	1.5_1	5.5	04	088
.4061	1.5_1	5.5	04	087
.265	1.5_1	5.5	04	091
.5357	1.5_1	5.5	04	086
.5594	1.5_1	5.5	04	089
.4165	1.5_1	5.5	04	090
.2956	1.5_1	5.5	04	092
.4057	1.5_1	5.5	04	093
.3537	1.5_1	5.5	04	094
.2342	1.5_1	5.5	04	096
.4241	1.5_1	5.5	04	095
.4765	1.5_1	5.5	04	097
.3452	1.5_1	5.5	04	098
.3338	1.5_1	5.5	04	099
.4027	1.5_1	5.5	05	001
.5288	1.5_1	5.5	04	100
.4023	1.5_1	5.5	05	003
.5081	1.5_1	5.5	05	002
.5153	1.5_1	5.5	05	004
.4377	1.5_1	5.5	05	007
.5604	1.5_1	5.5	05	006
.4015	1.5_1	5.5	05	009
.3388	1.5_1	5.5	05	011
.4841	1.5_1	5.5	05	010
.4778	1.5_1	5.5	05	013
.7674	1.5_1	5.5	05	005
.448	1.5_1	5.5	05	014
.4531	1.5_1	5.5	05	015
.4013	1.5_1	5.5	05	018
.7208	1.5_1	5.5	05	012
.4241	1.5_1	5.5	05	019
.659	1.5_1	5.5	05	016
.5121	1.5_1	5.5	05	017
.4566	1.5_1	5.5	05	021
.4388	1.5_1	5.5	05	020
.996323	1.5_1	5.5	05	008
.4469	1.5_1	5.5	05	024
.3592	1.5_1	5.5	05	022
.3847	1.5_1	5.5	05	023
.4065	1.5_1	5.5	05	026
.3424	1.5_1	5.5	05	028
.361	1.5_1	5.5	05	027
.393	1.5_1	5.5	05	029
.4734	1.5_1	5.5	05	030
.5588	1.5_1	5.5	05	031
.3506	1.5_1	5.5	05	034
.4403	1.5_1	5.5	05	032
.4506	1.5_1	5.5	05	033
.99372	1.5_1	5.5	05	025
.3852	1.5_1	5.5	05	036
.3016	1.5_1	5.5	05	037
.4636	1.5_1	5.5	05	035
.3911	1.5_1	5.5	05	040
.3966	1.5_1	5.5	05	042
.3218	1.5_1	5.5	05	041
.6486	1.5_1	5.5	05	038
.4154	1.5_1	5.5	05	039
.4319	1.5_1	5.5	05	043
.3669	1.5_1	5.5	05	045
.338	1.5_1	5.5	05	044
.4728	1.5_1	5.5	05	047
.2993	1.5_1	5.5	05	052
.4108	1.5_1	5.5	05	048
.4172	1.5_1	5.5	05	049
.4187	1.5_1	5.5	05	053
.3609	1.5_1	5.5	05	054
.3613	1.5_1	5.5	05	056
.5033	1.5_1	5.5	05	050
.6096	1.5_1	5.5	05	051
.4615	1.5_1	5.5	05	055
.97213	1.5_1	5.5	05	046
.3946	1.5_1	5.5	05	057
.3807	1.5_1	5.5	05	058
.4242	1.5_1	5.5	05	059
.4718	1.5_1	5.5	05	060
.4186	1.5_1	5.5	05	062
.3621	1.5_1	5.5	05	064
.4178	1.5_1	5.5	05	067
.5719	1.5_1	5.5	05	061
.3836	1.5_1	5.5	05	069
.4646	1.5_1	5.5	05	068
.7891	1.5_1	5.5	05	063
.4114	1.5_1	5.5	05	074
.4144	1.5_1	5.5	05	072
.4402	1.5_1	5.5	05	073
.4114	1.5_1	5.5	05	070
.4874	1.5_1	5.5	05	071
.90356	1.5_1	5.5	05	065
.4205	1.5_1	5.5	05	075
.748	1.5_1	5.5	05	066
.5678	1.5_1	5.5	05	077
.3531	1.5_1	5.5	05	080
.4763	1.5_1	5.5	05	079
.3548	1.5_1	5.5	05	082
.411	1.5_1	5.5	05	081
.7768	1.5_1	5.5	05	078
.92095	1.5_1	5.5	05	076
.3764	1.5_1	5.5	05	086
.5587	1.5_1	5.5	05	084
.6526	1.5_1	5.5	05	087
.5946	1.5_1	5.5	05	085
.3635	1.5_1	5.5	05	089
.4651	1.5_1	5.5	05	088
.4378	1.5_1	5.5	05	090
.94088	1.5_1	5.5	05	083
.3703	1.5_1	5.5	05	092
.6804	1.5_1	5.5	05	091
.403	1.5_1	5.5	05	093
.4265	1.5_1	5.5	05	094
.4634	1.5_1	5.5	05	096
.431	1.5_1	5.5	05	097
.3348	1.5_1	5.5	05	100
.3076	1.5_1	5.5	06	003
.5609	1.5_1	5.5	05	098
.5467	1.5_1	5.5	06	001
.4898	1.5_1	5.5	06	002
.3541	1.5_1	5.5	06	005
.3487	1.5_1	5.5	06	006
.4489	1.5_1	5.5	06	007
.94326	1.5_1	5.5	05	095
.4707	1.5_1	5.5	06	004
.7737	1.5_1	5.5	05	099
.2817	1.5_1	5.5	06	009
.3944	1.5_1	5.5	06	008
.425	1.5_1	5.5	06	010
.4487	1.5_1	5.5	06	011
.4589	1.5_1	5.5	06	012
.3694	1.5_1	5.5	06	014
.3899	1.5_1	5.5	06	013
.4051	1.5_1	5.5	06	016
.2608	1.5_1	5.5	06	018
.4359	1.5_1	5.5	06	015
.3912	1.5_1	5.5	06	017
.3771	1.5_1	5.5	06	019
.4272	1.5_1	5.5	06	020
.4107	1.5_1	5.5	06	021
.4	1.5_1	5.5	06	022
.2783	1.5_1	5.5	06	023
.4853	1.5_1	5.5	06	024
.4068	1.5_1	5.5	06	026
.2966	1.5_1	5.5	06	027
.5441	1.5_1	5.5	06	025
.346	1.5_1	5.5	06	029
.4225	1.5_1	5.5	06	028
.3694	1.5_1	5.5	06	030
.3241	1.5_1	5.5	06	031
.3389	1.5_1	5.5	06	035
.4814	1.5_1	5.5	06	032
.3985	1.5_1	5.5	06	033
.3897	1.5_1	5.5	06	036
.4579	1.5_1	5.5	06	034
.357	1.5_1	5.5	06	038
.4274	1.5_1	5.5	06	037
.4905	1.5_1	5.5	06	039
.4525	1.5_1	5.5	06	040
.4382	1.5_1	5.5	06	041
.4185	1.5_1	5.5	06	044
.3047	1.5_1	5.5	06	047
.6108	1.5_1	5.5	06	042
.4922	1.5_1	5.5	06	046
.6128	1.5_1	5.5	06	043
.4507	1.5_1	5.5	06	048
.5845	1.5_1	5.5	06	045
.5515	1.5_1	5.5	06	049
.446	1.5_1	5.5	06	050
.511	1.5_1	5.5	06	051
.5008	1.5_1	5.5	06	052
.4784	1.5_1	5.5	06	053
.5687	1.5_1	5.5	06	054
.362	1.5_1	5.5	06	056
.4948	1.5_1	5.5	06	055
.5408	1.5_1	5.5	06	057
.3687	1.5_1	5.5	06	058
.3649	1.5_1	5.5	06	059
.4499	1.5_1	5.5	06	060
.4915	1.5_1	5.5	06	061
.4138	1.5_1	5.5	06	062
.3033	1.5_1	5.5	06	064
.3203	1.5_1	5.5	06	065
.3777	1.5_1	5.5	06	066
.487	1.5_1	5.5	06	063
.3203	1.5_1	5.5	06	067
.4278	1.5_1	5.5	06	069
.2973	1.5_1	5.5	06	070
.5261	1.5_1	5.5	06	068
.3526	1.5_1	5.5	06	072
.3338	1.5_1	5.5	06	073
.365	1.5_1	5.5	06	071
.4203	1.5_1	5.5	06	075
.3866	1.5_1	5.5	06	074
.3567	1.5_1	5.5	06	077
.2905	1.5_1	5.5	06	080
.3911	1.5_1	5.5	06	076
.3503	1.5_1	5.5	06	079
.4326	1.5_1	5.5	06	078
.3178	1.5_1	5.5	06	082
.3527	1.5_1	5.5	06	083
.4577	1.5_1	5.5	06	081
.4067	1.5_1	5.5	06	084
.4462	1.5_1	5.5	06	085
.4751	1.5_1	5.5	06	086
.412	1.5_1	5.5	06	088
.3704	1.5_1	5.5	06	089
.3701	1.5_1	5.5	06	090
.6578	1.5_1	5.5	06	087
.4117	1.5_1	5.5	06	091
.3265	1.5_1	5.5	06	093
.4359	1.5_1	5.5	06	092
.3153	1.5_1	5.5	06	094
.3419	1.5_1	5.5	06	095
.4263	1.5_1	5.5	06	098
.395	1.5_1	5.5	06	097
.4003	1.5_1	5.5	06	096
.3634	1.5_1	5.5	06	099
.3191	1.5_1	5.5	07	002
.4552	1.5_1	5.5	06	100
.4914	1.5_1	5.5	07	001
.2635	1.5_1	5.5	07	005
.3552	1.5_1	5.5	07	003
.3307	1.5_1	5.5	07	004
.2726	1.5_1	5.5	07	007
.284	1.5_1	5.5	07	006
.3265	1.5_1	5.5	07	009
.2587	1.5_1	5.5	07	008
.2504	1.5_1	5.5	07	010
.2756	1.5_1	5.5	07	011
.2623	1.5_1	5.5	07	013
.2463	1.5_1	5.5	07	014
.3357	1.5_1	5.5	07	015
.3919	1.5_1	5.5	07	012
.2991	1.5_1	5.5	07	016
.2429	1.5_1	5.5	07	017
.2771	1.5_1	5.5	07	018
.2494	1.5_1	5.5	07	019
.273	1.5_1	5.5	07	022
.5312	1.5_1	5.5	07	020
.35	1.5_1	5.5	07	021
.3592	1.5_1	5.5	07	023
.2265	1.5_1	5.5	07	025
.2678	1.5_1	5.5	07	024
.2163	1.5_1	5.5	07	026
.3063	1.5_1	5.5	07	027
.2352	1.5_1	5.5	07	028
.2142	1.5_1	5.5	07	031
.3526	1.5_1	5.5	07	029
.2919	1.5_1	5.5	07	030
.2609	1.5_1	5.5	07	033
.181	1.5_1	5.5	07	036
.2606	1.5_1	5.5	07	034
.2932	1.5_1	5.5	07	035
.2121	1.5_1	5.5	07	037
.4545	1.5_1	5.5	07	032
.2842	1.5_1	5.5	07	038
.2596	1.5_1	5.5	07	039
.2429	1.5_1	5.5	07	040
.1797	1.5_1	5.5	07	043
.3096	1.5_1	5.5	07	041
.2747	1.5_1	5.5	07	042
.2212	1.5_1	5.5	07	044
.3474	1.5_1	5.5	07	045
.2904	1.5_1	5.5	07	046
.1978	1.5_1	5.5	07	048
.2282	1.5_1	5.5	07	049
.1758	1.5_1	5.5	07	050
.5437	1.5_1	5.5	07	047
.2716	1.5_1	5.5	07	051
.2003	1.5_1	5.5	07	054
.1865	1.5_1	5.5	07	055
.2478	1.5_1	5.5	07	052
.2819	1.5_1	5.5	07	053
.252	1.5_1	5.5	07	056
.3559	1.5_1	5.5	07	057
.2142	1.5_1	5.5	07	060
.3591	1.5_1	5.5	07	058
.3733	1.5_1	5.5	07	059
.3115	1.5_1	5.5	07	061
.2849	1.5_1	5.5	07	064
.3933	1.5_1	5.5	07	062
.2874	1.5_1	5.5	07	065
.2385	1.5_1	5.5	07	067
.5041	1.5_1	5.5	07	063
.2068	1.5_1	5.5	07	068
.3465	1.5_1	5.5	07	066
.2692	1.5_1	5.5	07	069
.2678	1.5_1	5.5	07	071
.2286	1.5_1	5.5	07	072
.3196	1.5_1	5.5	07	074
.4003	1.5_1	5.5	07	070
.2609	1.5_1	5.5	07	073
.3297	1.5_1	5.5	07	075
.2467	1.5_1	5.5	07	076
.1938	1.5_1	5.5	07	078
.3081	1.5_1	5.5	07	077
.2831	1.5_1	5.5	07	079
.2697	1.5_1	5.5	07	080
.2844	1.5_1	5.5	07	081
.3693	1.5_1	5.5	07	082
.3318	1.5_1	5.5	07	083
.1948	1.5_1	5.5	07	085
.2479	1.5_1	5.5	07	084
.2757	1.5_1	5.5	07	087
.2022	1.5_1	5.5	07	088
.402	1.5_1	5.5	07	086
.1584	1.5_1	5.5	07	089
.1988	1.5_1	5.5	07	090
.2063	1.5_1	5.5	07	092
.2149	1.5_1	5.5	07	093
.4186	1.5_1	5.5	07	091
.1971	1.5_1	5.5	07	097
.2912	1.5_1	5.5	07	095
.2102	1.5_1	5.5	07	096
.3169	1.5_1	5.5	07	098
.1641	1.5_1	5.5	07	100
.2198	1.5_1	5.5	07	099
.4193	1.5_1	5.5	07	094
.2275	1.5_1	5.5	08	001
.2068	1.5_1	5.5	08	002
.2173	1.5_1	5.5	08	003
.1293	1.5_1	5.5	08	006
.1841	1.5_1	5.5	08	005
.1769	1.5_1	5.5	08	004
.215	1.5_1	5.5	08	008
.1818	1.5_1	5.5	08	007
.3342	1.5_1	5.5	08	009
.1749	1.5_1	5.5	08	011
.4165	1.5_1	5.5	08	010
.2444	1.5_1	5.5	08	012
.1595	1.5_1	5.5	08	013
.2806	1.5_1	5.5	08	014
.2334	1.5_1	5.5	08	017
.2324	1.5_1	5.5	08	016
.1542	1.5_1	5.5	08	018
.6068	1.5_1	5.5	08	015
.1982	1.5_1	5.5	08	020
.1923	1.5_1	5.5	08	021
.3224	1.5_1	5.5	08	019
.2567	1.5_1	5.5	08	023
.2965	1.5_1	5.5	08	022
.1709	1.5_1	5.5	08	024
.177	1.5_1	5.5	08	025
.3131	1.5_1	5.5	08	027
.314	1.5_1	5.5	08	026
.194	1.5_1	5.5	08	031
.4094	1.5_1	5.5	08	028
.2287	1.5_1	5.5	08	032
.2405	1.5_1	5.5	08	029
.3585	1.5_1	5.5	08	030
.1574	1.5_1	5.5	08	037
.3934	1.5_1	5.5	08	033
.2765	1.5_1	5.5	08	034
.3214	1.5_1	5.5	08	036
.2493	1.5_1	5.5	08	038
.2165	1.5_1	5.5	08	039
.4	1.5_1	5.5	08	035
.3005	1.5_1	5.5	08	040
.1557	1.5_1	5.5	08	044
.3433	1.5_1	5.5	08	041
.1801	1.5_1	5.5	08	043
.1294	1.5_1	5.5	08	042
.1973	1.5_1	5.5	08	045
.2047	1.5_1	5.5	08	046
.1885	1.5_1	5.5	08	048
.1658	1.5_1	5.5	08	049
.2954	1.5_1	5.5	08	047
.1592	1.5_1	5.5	08	051
.4226	1.5_1	5.5	08	050
.3241	1.5_1	5.5	08	052
.2325	1.5_1	5.5	08	055
.3867	1.5_1	5.5	08	053
.3204	1.5_1	5.5	08	054
.2917	1.5_1	5.5	08	057
.3934	1.5_1	5.5	08	056
.2195	1.5_1	5.5	08	059
.1876	1.5_1	5.5	08	062
.2659	1.5_1	5.5	08	058
.2942	1.5_1	5.5	08	060
.256	1.5_1	5.5	08	063
.2598	1.5_1	5.5	08	061
.2141	1.5_1	5.5	08	064
.1935	1.5_1	5.5	08	066
.2666	1.5_1	5.5	08	067
.2986	1.5_1	5.5	08	065
.2284	1.5_1	5.5	08	068
.1804	1.5_1	5.5	08	072
.4211	1.5_1	5.5	08	069
.4292	1.5_1	5.5	08	070
.1663	1.5_1	5.5	08	076
.3569	1.5_1	5.5	08	071
.2581	1.5_1	5.5	08	075
.2015	1.5_1	5.5	08	073
.2131	1.5_1	5.5	08	074
.1933	1.5_1	5.5	08	077
.2852	1.5_1	5.5	08	078
.3306	1.5_1	5.5	08	079
.2711	1.5_1	5.5	08	080
.1702	1.5_1	5.5	08	083
.2056	1.5_1	5.5	08	082
.455	1.5_1	5.5	08	081
.315	1.5_1	5.5	08	084
.1963	1.5_1	5.5	08	085
.2887	1.5_1	5.5	08	086
.2425	1.5_1	5.5	08	087
.1905	1.5_1	5.5	08	088
.2495	1.5_1	5.5	08	089
.1767	1.5_1	5.5	08	090
.3073	1.5_1	5.5	08	091
.296	1.5_1	5.5	08	092
.1828	1.5_1	5.5	08	096
.212	1.5_1	5.5	08	094
.1883	1.5_1	5.5	08	093
.1728	1.5_1	5.5	08	097
.2735	1.5_1	5.5	08	095
.2104	1.5_1	5.5	08	098
.3314	1.5_1	5.5	08	099
.1966	1.5_1	5.5	09	001
.2702	1.5_1	5.5	08	100
.2507	1.5_1	5.5	09	005
.2632	1.5_1	5.5	09	002
.2813	1.5_1	5.5	09	007
.2808	1.5_1	5.5	09	004
.3056	1.5_1	5.5	09	003
.2995	1.5_1	5.5	09	006
.4633	1.5_1	5.5	09	008
.2214	1.5_1	5.5	09	009
.3513	1.5_1	5.5	09	010
.3055	1.5_1	5.5	09	011
.2124	1.5_1	5.5	09	012
.2412	1.5_1	5.5	09	013
.2553	1.5_1	5.5	09	014
.3698	1.5_1	5.5	09	015
.3572	1.5_1	5.5	09	017
.1996	1.5_1	5.5	09	018
.1906	1.5_1	5.5	09	019
.4941	1.5_1	5.5	09	016
.395	1.5_1	5.5	09	020
.2178	1.5_1	5.5	09	023
.2216	1.5_1	5.5	09	024
.3143	1.5_1	5.5	09	022
.439	1.5_1	5.5	09	021
.3274	1.5_1	5.5	09	026
.2769	1.5_1	5.5	09	028
.2775	1.5_1	5.5	09	027
.51	1.5_1	5.5	09	025
.3628	1.5_1	5.5	09	029
.1967	1.5_1	5.5	09	031
.2633	1.5_1	5.5	09	030
.2282	1.5_1	5.5	09	032
.4172	1.5_1	5.5	09	033
.2757	1.5_1	5.5	09	037
.3511	1.5_1	5.5	09	035
.1523	1.5_1	5.5	09	041
.3519	1.5_1	5.5	09	039
.3455	1.5_1	5.5	09	036
.4589	1.5_1	5.5	09	038
.5136	1.5_1	5.5	09	034
.302	1.5_1	5.5	09	040
.324	1.5_1	5.5	09	042
.3003	1.5_1	5.5	09	043
.2201	1.5_1	5.5	09	044
.2659	1.5_1	5.5	09	045
.3449	1.5_1	5.5	09	046
.2392	1.5_1	5.5	09	048
.2428	1.5_1	5.5	09	047
.238	1.5_1	5.5	09	049
.2189	1.5_1	5.5	09	050
.3584	1.5_1	5.5	09	051
.2856	1.5_1	5.5	09	052
.1884	1.5_1	5.5	09	053
.1991	1.5_1	5.5	09	054
.2314	1.5_1	5.5	09	057
.2887	1.5_1	5.5	09	056
.3817	1.5_1	5.5	09	055
.3287	1.5_1	5.5	09	058
.3156	1.5_1	5.5	09	061
.46	1.5_1	5.5	09	060
.3518	1.5_1	5.5	09	062
.4414	1.5_1	5.5	09	063
.6354	1.5_1	5.5	09	059
.3927	1.5_1	5.5	09	064
.3042	1.5_1	5.5	09	066
.18	1.5_1	5.5	09	068
.4129	1.5_1	5.5	09	067
.4332	1.5_1	5.5	09	065
.2774	1.5_1	5.5	09	070
.3089	1.5_1	5.5	09	069
.259	1.5_1	5.5	09	073
.24	1.5_1	5.5	09	072
.2689	1.5_1	5.5	09	071
.1778	1.5_1	5.5	09	074
.3341	1.5_1	5.5	09	076
.4308	1.5_1	5.5	09	075
.2404	1.5_1	5.5	09	078
.3081	1.5_1	5.5	09	077
.2401	1.5_1	5.5	09	079
.4069	1.5_1	5.5	09	080
.2333	1.5_1	5.5	09	081
.2929	1.5_1	5.5	09	083
.2706	1.5_1	5.5	09	085
.2913	1.5_1	5.5	09	084
.2543	1.5_1	5.5	09	086
.2437	1.5_1	5.5	09	087
.296	1.5_1	5.5	09	089
.2969	1.5_1	5.5	09	088
.8038	1.5_1	5.5	09	082
.3608	1.5_1	5.5	09	090
.2477	1.5_1	5.5	09	091
.2477	1.5_1	5.5	09	092
.35	1.5_1	5.5	09	093
.2364	1.5_1	5.5	09	094
.2043	1.5_1	5.5	09	096
.3406	1.5_1	5.5	09	095
.2299	1.5_1	5.5	09	098
.2398	1.5_1	5.5	09	099
.3972	1.5_1	5.5	09	097
.316	1.5_1	5.5	09	100
.2247	1.5_1	5.5	10	004
.2607	1.5_1	5.5	10	003
.1447	1.5_1	5.5	10	005
.3302	1.5_1	5.5	10	001
.4258	1.5_1	5.5	10	002
.213	1.5_1	5.5	10	006
.1218	1.5_1	5.5	10	009
.1834	1.5_1	5.5	10	008
.183	1.5_1	5.5	10	010
.4367	1.5_1	5.5	10	007
.3604	1.5_1	5.5	10	011
.2919	1.5_1	5.5	10	012
.1947	1.5_1	5.5	10	015
.2005	1.5_1	5.5	10	014
.4037	1.5_1	5.5	10	013
.2499	1.5_1	5.5	10	016
.1846	1.5_1	5.5	10	017
.1509	1.5_1	5.5	10	019
.1804	1.5_1	5.5	10	018
.2082	1.5_1	5.5	10	020
.3293	1.5_1	5.5	10	021
.1842	1.5_1	5.5	10	022
.2756	1.5_1	5.5	10	023
.1343	1.5_1	5.5	10	024
.1768	1.5_1	5.5	10	025
.2284	1.5_1	5.5	10	026
.1869	1.5_1	5.5	10	028
.2487	1.5_1	5.5	10	027
.1874	1.5_1	5.5	10	029
.1766	1.5_1	5.5	10	030
.1653	1.5_1	5.5	10	031
.141	1.5_1	5.5	10	032
.148	1.5_1	5.5	10	034
.1653	1.5_1	5.5	10	035
.3501	1.5_1	5.5	10	033
.1596	1.5_1	5.5	10	036
.1828	1.5_1	5.5	10	038
.33	1.5_1	5.5	10	037
.2085	1.5_1	5.5	10	039
.1753	1.5_1	5.5	10	040
.2366	1.5_1	5.5	10	041
.1747	1.5_1	5.5	10	042
.1972	1.5_1	5.5	10	043
.1871	1.5_1	5.5	10	044
.2251	1.5_1	5.5	10	045
.228	1.5_1	5.5	10	046
.1901	1.5_1	5.5	10	049
.2382	1.5_1	5.5	10	048
.3873	1.5_1	5.5	10	047
.1816	1.5_1	5.5	10	050
.2254	1.5_1	5.5	10	051
.1851	1.5_1	5.5	10	054
.3942	1.5_1	5.5	10	053
.4562	1.5_1	5.5	10	052
.1752	1.5_1	5.5	10	056
.1513	1.5_1	5.5	10	055
.2057	1.5_1	5.5	10	058
.1465	1.5_1	5.5	10	057
.2986	1.5_1	5.5	10	059
.2166	1.5_1	5.5	10	060
.1385	1.5_1	5.5	10	062
.3173	1.5_1	5.5	10	061
.357	1.5_1	5.5	10	063
.268	1.5_1	5.5	10	065
.2185	1.5_1	5.5	10	064
.2359	1.5_1	5.5	10	066
.2884	1.5_1	5.5	10	067
.2369	1.5_1	5.5	10	069
.2478	1.5_1	5.5	10	070
.4759	1.5_1	5.5	10	068
.1759	1.5_1	5.5	10	071
.1409	1.5_1	5.5	10	074
.282	1.5_1	5.5	10	073
.349	1.5_1	5.5	10	072
.1864	1.5_1	5.5	10	075
.1553	1.5_1	5.5	10	077
.2417	1.5_1	5.5	10	076
.3101	1.5_1	5.5	10	078
.1741	1.5_1	5.5	10	080
.2341	1.5_1	5.5	10	082
.22	1.5_1	5.5	10	081
.328	1.5_1	5.5	10	079
.3126	1.5_1	5.5	10	083
.185	1.5_1	5.5	10	084
.2222	1.5_1	5.5	10	085
.289	1.5_1	5.5	10	087
.1915	1.5_1	5.5	10	088
.2703	1.5_1	5.5	10	086
.1605	1.5_1	5.5	10	089
.2035	1.5_1	5.5	10	090
.1752	1.5_1	5.5	10	092
.2719	1.5_1	5.5	10	091
.1424	1.5_1	5.5	10	095
.1478	1.5_1	5.5	10	094
.1722	1.5_1	5.5	10	096
.1749	1.5_1	5.5	10	097
.366	1.5_1	5.5	10	093
.2854	1.5_1	5.5	10	098
.2452	1.5_1	5.5	10	099
.1906	1.5_1	5.5	10	100
.2006	1.5_1	6	01	002
.2009	1.5_1	6	01	001
.122	1.5_1	6	01	004
.2078	1.5_1	6	01	005
.3675	1.5_1	6	01	003
.2943	1.5_1	6	01	007
.2486	1.5_1	6	01	006
.144	1.5_1	6	01	008
.1766	1.5_1	6	01	009
.1274	1.5_1	6	01	013
.1691	1.5_1	6	01	010
.1351	1.5_1	6	01	011
.2304	1.5_1	6	01	014
.3045	1.5_1	6	01	012
.2433	1.5_1	6	01	016
.1587	1.5_1	6	01	017
.2491	1.5_1	6	01	015
.1751	1.5_1	6	01	019
.1907	1.5_1	6	01	018
.1941	1.5_1	6	01	020
.1695	1.5_1	6	01	022
.1647	1.5_1	6	01	023
.1723	1.5_1	6	01	024
.3917	1.5_1	6	01	021
.1567	1.5_1	6	01	027
.2302	1.5_1	6	01	025
.3371	1.5_1	6	01	026
.1994	1.5_1	6	01	028
.1198	1.5_1	6	01	029
.244	1.5_1	6	01	030
.153	1.5_1	6	01	032
.1761	1.5_1	6	01	031
.1591	1.5_1	6	01	034
.2555	1.5_1	6	01	033
.1884	1.5_1	6	01	035
.1416	1.5_1	6	01	037
.1865	1.5_1	6	01	036
.1592	1.5_1	6	01	039
.1695	1.5_1	6	01	038
.1382	1.5_1	6	01	040
.1797	1.5_1	6	01	041
.1138	1.5_1	6	01	042
.1631	1.5_1	6	01	044
.1993	1.5_1	6	01	043
.1763	1.5_1	6	01	046
.1739	1.5_1	6	01	045
.1518	1.5_1	6	01	047
.1566	1.5_1	6	01	048
.1823	1.5_1	6	01	049
.1468	1.5_1	6	01	050
.1915	1.5_1	6	01	051
.1681	1.5_1	6	01	052
.1556	1.5_1	6	01	053
.1315	1.5_1	6	01	055
.2084	1.5_1	6	01	054
.1789	1.5_1	6	01	056
.1614	1.5_1	6	01	058
.2334	1.5_1	6	01	057
.1946	1.5_1	6	01	059
.1509	1.5_1	6	01	061
.1257	1.5_1	6	01	060
.1668	1.5_1	6	01	062
.2374	1.5_1	6	01	063
.2159	1.5_1	6	01	064
.1429	1.5_1	6	01	066
.226	1.5_1	6	01	065
.1907	1.5_1	6	01	067
.1951	1.5_1	6	01	068
.2141	1.5_1	6	01	071
.2386	1.5_1	6	01	070
.3076	1.5_1	6	01	069
.2123	1.5_1	6	01	073
.2642	1.5_1	6	01	072
.2321	1.5_1	6	01	075
.1704	1.5_1	6	01	078
.4337	1.5_1	6	01	074
.3255	1.5_1	6	01	076
.2568	1.5_1	6	01	077
.2904	1.5_1	6	01	079
.1626	1.5_1	6	01	080
.1958	1.5_1	6	01	082
.1758	1.5_1	6	01	083
.1387	1.5_1	6	01	084
.2019	1.5_1	6	01	081
.1697	1.5_1	6	01	085
.185	1.5_1	6	01	086
.2714	1.5_1	6	01	087
.1604	1.5_1	6	01	088
.107	1.5_1	6	01	092
.1683	1.5_1	6	01	091
.3027	1.5_1	6	01	089
.3087	1.5_1	6	01	090
.1395	1.5_1	6	01	093
.1989	1.5_1	6	01	094
.1577	1.5_1	6	01	096
.1963	1.5_1	6	01	095
.1898	1.5_1	6	01	097
.2808	1.5_1	6	01	098
.1607	1.5_1	6	01	099
.1674	1.5_1	6	02	003
.2013	1.5_1	6	02	001
.4061	1.5_1	6	01	100
.2215	1.5_1	6	02	002
.2405	1.5_1	6	02	004
.1995	1.5_1	6	02	005
.2296	1.5_1	6	02	006
.3629	1.5_1	6	02	009
.3345	1.5_1	6	02	010
.3985	1.5_1	6	02	007
.4283	1.5_1	6	02	008
.2325	1.5_1	6	02	011
.1986	1.5_1	6	02	012
.2273	1.5_1	6	02	016
.2607	1.5_1	6	02	013
.1601	1.5_1	6	02	017
.2135	1.5_1	6	02	014
.1777	1.5_1	6	02	018
.403	1.5_1	6	02	015
.1776	1.5_1	6	02	019
.3818	1.5_1	6	02	020
.2886	1.5_1	6	02	022
.1637	1.5_1	6	02	025
.212	1.5_1	6	02	024
.2529	1.5_1	6	02	021
.1627	1.5_1	6	02	026
.4259	1.5_1	6	02	023
.1804	1.5_1	6	02	028
.2696	1.5_1	6	02	029
.2235	1.5_1	6	02	030
.3601	1.5_1	6	02	027
.1838	1.5_1	6	02	031
.1544	1.5_1	6	02	032
.1304	1.5_1	6	02	035
.2029	1.5_1	6	02	034
.2745	1.5_1	6	02	033
.3476	1.5_1	6	02	036
.2188	1.5_1	6	02	037
.163	1.5_1	6	02	038
.1673	1.5_1	6	02	040
.2886	1.5_1	6	02	039
.2091	1.5_1	6	02	042
.3017	1.5_1	6	02	041
.2038	1.5_1	6	02	044
.1559	1.5_1	6	02	045
.3022	1.5_1	6	02	043
.1728	1.5_1	6	02	046
.157	1.5_1	6	02	047
.1542	1.5_1	6	02	048
.1739	1.5_1	6	02	050
.2822	1.5_1	6	02	049
.2188	1.5_1	6	02	051
.2136	1.5_1	6	02	052
.1679	1.5_1	6	02	056
.16	1.5_1	6	02	055
.2202	1.5_1	6	02	053
.2207	1.5_1	6	02	054
.2052	1.5_1	6	02	057
.2415	1.5_1	6	02	058
.2018	1.5_1	6	02	060
.3164	1.5_1	6	02	059
.168	1.5_1	6	02	061
.2563	1.5_1	6	02	062
.2359	1.5_1	6	02	063
.2133	1.5_1	6	02	064
.2957	1.5_1	6	02	065
.3868	1.5_1	6	02	066
.143	1.5_1	6	02	069
.4176	1.5_1	6	02	067
.1984	1.5_1	6	02	070
.4433	1.5_1	6	02	068
.2893	1.5_1	6	02	072
.2984	1.5_1	6	02	071
.1644	1.5_1	6	02	073
.1354	1.5_1	6	02	074
.2084	1.5_1	6	02	076
.13	1.5_1	6	02	075
.2066	1.5_1	6	02	077
.1633	1.5_1	6	02	078
.1669	1.5_1	6	02	079
.1551	1.5_1	6	02	081
.3481	1.5_1	6	02	082
.3052	1.5_1	6	02	080
.1467	1.5_1	6	02	083
.1628	1.5_1	6	02	085
.2517	1.5_1	6	02	084
.1709	1.5_1	6	02	086
.1827	1.5_1	6	02	087
.1486	1.5_1	6	02	088
.1882	1.5_1	6	02	089
.1817	1.5_1	6	02	090
.1891	1.5_1	6	02	091
.2164	1.5_1	6	02	094
.1837	1.5_1	6	02	093
.2076	1.5_1	6	02	095
.2031	1.5_1	6	02	092
.2006	1.5_1	6	02	096
.272	1.5_1	6	02	097
.178	1.5_1	6	02	098
.1625	1.5_1	6	02	099
.2358	1.5_1	6	02	100
.2243	1.5_1	6	03	003
.5594	1.5_1	6	03	001
.5925	1.5_1	6	03	002
.2848	1.5_1	6	03	006
.2443	1.5_1	6	03	004
.3991	1.5_1	6	03	005
.1778	1.5_1	6	03	009
.2824	1.5_1	6	03	008
.2465	1.5_1	6	03	011
.4253	1.5_1	6	03	007
.3668	1.5_1	6	03	010
.2627	1.5_1	6	03	013
.2563	1.5_1	6	03	015
.3778	1.5_1	6	03	014
.2263	1.5_1	6	03	016
.2904	1.5_1	6	03	019
.3733	1.5_1	6	03	017
.7484	1.5_1	6	03	012
.3909	1.5_1	6	03	018
.2639	1.5_1	6	03	020
.3129	1.5_1	6	03	022
.4391	1.5_1	6	03	021
.2868	1.5_1	6	03	023
.2145	1.5_1	6	03	025
.2989	1.5_1	6	03	024
.2703	1.5_1	6	03	026
.2708	1.5_1	6	03	027
.2014	1.5_1	6	03	028
.232	1.5_1	6	03	029
.2839	1.5_1	6	03	030
.2251	1.5_1	6	03	031
.3344	1.5_1	6	03	032
.308	1.5_1	6	03	033
.2618	1.5_1	6	03	034
.3184	1.5_1	6	03	036
.2825	1.5_1	6	03	035
.2687	1.5_1	6	03	037
.3077	1.5_1	6	03	038
.3992	1.5_1	6	03	039
.2764	1.5_1	6	03	043
.3848	1.5_1	6	03	040
.3735	1.5_1	6	03	041
.3085	1.5_1	6	03	042
.2667	1.5_1	6	03	046
.2044	1.5_1	6	03	047
.3035	1.5_1	6	03	044
.461	1.5_1	6	03	045
.2597	1.5_1	6	03	050
.3025	1.5_1	6	03	051
.4205	1.5_1	6	03	048
.2188	1.5_1	6	03	054
.3137	1.5_1	6	03	049
.2232	1.5_1	6	03	053
.3907	1.5_1	6	03	052
.1783	1.5_1	6	03	057
.2114	1.5_1	6	03	056
.346	1.5_1	6	03	055
.2069	1.5_1	6	03	059
.2667	1.5_1	6	03	058
.2734	1.5_1	6	03	060
.231	1.5_1	6	03	062
.3465	1.5_1	6	03	061
.3322	1.5_1	6	03	063
.4328	1.5_1	6	03	064
.2603	1.5_1	6	03	066
.3364	1.5_1	6	03	065
.2041	1.5_1	6	03	068
.347	1.5_1	6	03	067
.2576	1.5_1	6	03	069
.2704	1.5_1	6	03	072
.5329	1.5_1	6	03	070
.2844	1.5_1	6	03	074
.3434	1.5_1	6	03	073
.3051	1.5_1	6	03	075
.4363	1.5_1	6	03	071
.2653	1.5_1	6	03	077
.3942	1.5_1	6	03	076
.2826	1.5_1	6	03	078
.2297	1.5_1	6	03	081
.3632	1.5_1	6	03	080
.2486	1.5_1	6	03	085
.3111	1.5_1	6	03	084
.5479	1.5_1	6	03	079
.3184	1.5_1	6	03	083
.3795	1.5_1	6	03	087
.4076	1.5_1	6	03	082
.3268	1.5_1	6	03	086
.2342	1.5_1	6	03	088
.2074	1.5_1	6	03	089
.2816	1.5_1	6	03	090
.2325	1.5_1	6	03	092
.3767	1.5_1	6	03	091
.2489	1.5_1	6	03	093
.249	1.5_1	6	03	094
.1886	1.5_1	6	03	095
.216	1.5_1	6	03	096
.222	1.5_1	6	03	097
.2927	1.5_1	6	03	098
.2504	1.5_1	6	03	099
.2679	1.5_1	6	03	100
.3162	1.5_1	6	04	001
.2787	1.5_1	6	04	003
.1823	1.5_1	6	04	004
.2948	1.5_1	6	04	002
.2148	1.5_1	6	04	005
.171	1.5_1	6	04	006
.1821	1.5_1	6	04	010
.2658	1.5_1	6	04	008
.2566	1.5_1	6	04	009
.3843	1.5_1	6	04	007
.237	1.5_1	6	04	011
.1607	1.5_1	6	04	013
.1919	1.5_1	6	04	014
.3939	1.5_1	6	04	012
.2133	1.5_1	6	04	016
.1624	1.5_1	6	04	017
.1839	1.5_1	6	04	018
.1407	1.5_1	6	04	021
.3805	1.5_1	6	04	015
.2196	1.5_1	6	04	020
.2707	1.5_1	6	04	022
.1984	1.5_1	6	04	024
.2459	1.5_1	6	04	023
.4884	1.5_1	6	04	019
.1815	1.5_1	6	04	025
.2261	1.5_1	6	04	026
.1928	1.5_1	6	04	027
.2471	1.5_1	6	04	028
.2184	1.5_1	6	04	029
.208	1.5_1	6	04	030
.2489	1.5_1	6	04	032
.2368	1.5_1	6	04	031
.1887	1.5_1	6	04	036
.1709	1.5_1	6	04	034
.3901	1.5_1	6	04	033
.3185	1.5_1	6	04	035
.1512	1.5_1	6	04	037
.2367	1.5_1	6	04	038
.163	1.5_1	6	04	043
.2545	1.5_1	6	04	042
.2645	1.5_1	6	04	040
.1853	1.5_1	6	04	041
.4155	1.5_1	6	04	039
.1344	1.5_1	6	04	044
.203	1.5_1	6	04	047
.2092	1.5_1	6	04	045
.2246	1.5_1	6	04	046
.174	1.5_1	6	04	050
.2006	1.5_1	6	04	048
.2792	1.5_1	6	04	049
.3414	1.5_1	6	04	052
.1987	1.5_1	6	04	054
.1725	1.5_1	6	04	053
.2151	1.5_1	6	04	055
.4632	1.5_1	6	04	051
.2221	1.5_1	6	04	056
.2582	1.5_1	6	04	057
.2035	1.5_1	6	04	059
.3331	1.5_1	6	04	058
.1878	1.5_1	6	04	060
.2402	1.5_1	6	04	061
.2531	1.5_1	6	04	062
.3027	1.5_1	6	04	064
.3528	1.5_1	6	04	063
.2445	1.5_1	6	04	066
.2058	1.5_1	6	04	065
.1948	1.5_1	6	04	068
.1594	1.5_1	6	04	069
.2014	1.5_1	6	04	070
.3854	1.5_1	6	04	067
.2174	1.5_1	6	04	074
.2137	1.5_1	6	04	071
.1766	1.5_1	6	04	073
.2462	1.5_1	6	04	072
.3437	1.5_1	6	04	075
.2236	1.5_1	6	04	076
.2214	1.5_1	6	04	078
.2066	1.5_1	6	04	079
.173	1.5_1	6	04	081
.3593	1.5_1	6	04	077
.2589	1.5_1	6	04	080
.269	1.5_1	6	04	082
.1555	1.5_1	6	04	084
.306	1.5_1	6	04	085
.2872	1.5_1	6	04	083
.2024	1.5_1	6	04	088
.3022	1.5_1	6	04	087
.3808	1.5_1	6	04	086
.1529	1.5_1	6	04	091
.2969	1.5_1	6	04	090
.4208	1.5_1	6	04	089
.2127	1.5_1	6	04	092
.3248	1.5_1	6	04	093
.2613	1.5_1	6	04	094
.1556	1.5_1	6	04	096
.2856	1.5_1	6	04	095
.2252	1.5_1	6	04	098
.2004	1.5_1	6	04	099
.3725	1.5_1	6	04	097
.3813	1.5_1	6	04	100
.3118	1.5_1	6	05	001
.3918	1.5_1	6	05	002
.3168	1.5_1	6	05	003
.3898	1.5_1	6	05	004
.3085	1.5_1	6	05	009
.4423	1.5_1	6	05	006
.3407	1.5_1	6	05	007
.2453	1.5_1	6	05	011
.6669	1.5_1	6	05	005
.3952	1.5_1	6	05	010
.3851	1.5_1	6	05	013
.3401	1.5_1	6	05	015
.3785	1.5_1	6	05	014
.3178	1.5_1	6	05	018
.3268	1.5_1	6	05	019
.3466	1.5_1	6	05	020
.4378	1.5_1	6	05	017
.6435	1.5_1	6	05	012
.5734	1.5_1	6	05	016
.3632	1.5_1	6	05	021
.2768	1.5_1	6	05	022
.99478	1.5_1	6	05	008
.3198	1.5_1	6	05	023
.3425	1.5_1	6	05	024
.3007	1.5_1	6	05	026
.2915	1.5_1	6	05	027
.2627	1.5_1	6	05	028
.3013	1.5_1	6	05	029
.4454	1.5_1	6	05	031
.3819	1.5_1	6	05	030
.3348	1.5_1	6	05	032
.98992	1.5_1	6	05	025
.3795	1.5_1	6	05	033
.2616	1.5_1	6	05	034
.3048	1.5_1	6	05	036
.3812	1.5_1	6	05	035
.2363	1.5_1	6	05	037
.3445	1.5_1	6	05	039
.5148	1.5_1	6	05	038
.2965	1.5_1	6	05	040
.2488	1.5_1	6	05	041
.2928	1.5_1	6	05	042
.3239	1.5_1	6	05	043
.251	1.5_1	6	05	044
.2819	1.5_1	6	05	045
.3243	1.5_1	6	05	048
.3688	1.5_1	6	05	047
.337	1.5_1	6	05	049
.2247	1.5_1	6	05	052
.4233	1.5_1	6	05	050
.3387	1.5_1	6	05	053
.5138	1.5_1	6	05	051
.2807	1.5_1	6	05	054
.3931	1.5_1	6	05	055
.2616	1.5_1	6	05	056
.3135	1.5_1	6	05	057
.3073	1.5_1	6	05	058
.3337	1.5_1	6	05	059
.95691	1.5_1	6	05	046
.3799	1.5_1	6	05	060
.3203	1.5_1	6	05	062
.4907	1.5_1	6	05	061
.3316	1.5_1	6	05	067
.2927	1.5_1	6	05	064
.3699	1.5_1	6	05	068
.2927	1.5_1	6	05	069
.6689	1.5_1	6	05	063
.6304	1.5_1	6	05	066
.3116	1.5_1	6	05	070
.3759	1.5_1	6	05	071
.3299	1.5_1	6	05	072
.3111	1.5_1	6	05	074
.3565	1.5_1	6	05	073
.3347	1.5_1	6	05	075
.8518	1.5_1	6	05	065
.3086	1.5_1	6	05	081
.2772	1.5_1	6	05	080
.2727	1.5_1	6	05	082
.4902	1.5_1	6	05	077
.3753	1.5_1	6	05	079
.4779	1.5_1	6	05	084
.3128	1.5_1	6	05	086
.7	1.5_1	6	05	078
.4807	1.5_1	6	05	085
.8858	1.5_1	6	05	076
.5392	1.5_1	6	05	087
.3771	1.5_1	6	05	088
.28	1.5_1	6	05	089
.3323	1.5_1	6	05	090
.90467	1.5_1	6	05	083
.5465	1.5_1	6	05	091
.288	1.5_1	6	05	092
.3145	1.5_1	6	05	093
.3373	1.5_1	6	05	094
.3602	1.5_1	6	05	096
.3245	1.5_1	6	05	097
.2761	1.5_1	6	05	100
.4141	1.5_1	6	05	098
.3861	1.5_1	6	06	001
.1812	1.5_1	6	06	003
.366	1.5_1	6	06	002
.2343	1.5_1	6	06	005
.3015	1.5_1	6	06	004
.2326	1.5_1	6	06	006
.6581	1.5_1	6	05	099
.91256	1.5_1	6	05	095
.3051	1.5_1	6	06	007
.1892	1.5_1	6	06	009
.2767	1.5_1	6	06	008
.3128	1.5_1	6	06	011
.2793	1.5_1	6	06	010
.3222	1.5_1	6	06	012
.2805	1.5_1	6	06	013
.2474	1.5_1	6	06	014
.2432	1.5_1	6	06	017
.2891	1.5_1	6	06	016
.1671	1.5_1	6	06	018
.3465	1.5_1	6	06	015
.2353	1.5_1	6	06	019
.2773	1.5_1	6	06	020
.273	1.5_1	6	06	021
.1698	1.5_1	6	06	023
.2587	1.5_1	6	06	022
.3422	1.5_1	6	06	024
.4176	1.5_1	6	06	025
.2887	1.5_1	6	06	026
.192	1.5_1	6	06	027
.2758	1.5_1	6	06	028
.2428	1.5_1	6	06	029
.2733	1.5_1	6	06	030
.3214	1.5_1	6	06	032
.2207	1.5_1	6	06	031
.2876	1.5_1	6	06	033
.3278	1.5_1	6	06	034
.2086	1.5_1	6	06	035
.2761	1.5_1	6	06	036
.2463	1.5_1	6	06	038
.3009	1.5_1	6	06	037
.329	1.5_1	6	06	039
.2994	1.5_1	6	06	040
.3261	1.5_1	6	06	041
.2958	1.5_1	6	06	044
.4272	1.5_1	6	06	042
.436	1.5_1	6	06	043
.1893	1.5_1	6	06	047
.3609	1.5_1	6	06	046
.3101	1.5_1	6	06	048
.4497	1.5_1	6	06	045
.4175	1.5_1	6	06	049
.2902	1.5_1	6	06	050
.421	1.5_1	6	06	051
.3606	1.5_1	6	06	052
.3335	1.5_1	6	06	053
.34	1.5_1	6	06	055
.4552	1.5_1	6	06	054
.224	1.5_1	6	06	056
.2608	1.5_1	6	06	058
.2413	1.5_1	6	06	059
.438	1.5_1	6	06	057
.2997	1.5_1	6	06	060
.2079	1.5_1	6	06	064
.2795	1.5_1	6	06	062
.2082	1.5_1	6	06	065
.2351	1.5_1	6	06	066
.3592	1.5_1	6	06	061
.225	1.5_1	6	06	067
.3679	1.5_1	6	06	063
.2859	1.5_1	6	06	069
.1991	1.5_1	6	06	070
.4032	1.5_1	6	06	068
.2477	1.5_1	6	06	071
.231	1.5_1	6	06	072
.2324	1.5_1	6	06	073
.2569	1.5_1	6	06	074
.2846	1.5_1	6	06	075
.2403	1.5_1	6	06	076
.2952	1.5_1	6	06	077
.337	1.5_1	6	06	078
.2457	1.5_1	6	06	079
.1824	1.5_1	6	06	080
.3276	1.5_1	6	06	081
.2053	1.5_1	6	06	082
.2372	1.5_1	6	06	083
.2692	1.5_1	6	06	084
.2909	1.5_1	6	06	085
.326	1.5_1	6	06	086
.2684	1.5_1	6	06	088
.2552	1.5_1	6	06	089
.5321	1.5_1	6	06	087
.256	1.5_1	6	06	091
.2214	1.5_1	6	06	090
.1903	1.5_1	6	06	094
.2972	1.5_1	6	06	092
.2306	1.5_1	6	06	093
.2473	1.5_1	6	06	095
.2593	1.5_1	6	06	097
.2733	1.5_1	6	06	096
.3435	1.5_1	6	06	098
.2652	1.5_1	6	06	099
.2338	1.5_1	6	07	002
.3161	1.5_1	6	06	100
.3566	1.5_1	6	07	001
.2473	1.5_1	6	07	003
.1684	1.5_1	6	07	005
.1757	1.5_1	6	07	006
.2613	1.5_1	6	07	004
.1676	1.5_1	6	07	008
.1662	1.5_1	6	07	007
.1593	1.5_1	6	07	010
.233	1.5_1	6	07	009
.188	1.5_1	6	07	011
.2579	1.5_1	6	07	012
.1768	1.5_1	6	07	014
.1818	1.5_1	6	07	013
.2238	1.5_1	6	07	015
.1928	1.5_1	6	07	016
.1751	1.5_1	6	07	017
.1525	1.5_1	6	07	019
.2011	1.5_1	6	07	018
.3927	1.5_1	6	07	020
.1937	1.5_1	6	07	022
.2205	1.5_1	6	07	021
.2493	1.5_1	6	07	023
.1705	1.5_1	6	07	024
.1495	1.5_1	6	07	026
.1451	1.5_1	6	07	025
.2042	1.5_1	6	07	027
.1332	1.5_1	6	07	028
.2003	1.5_1	6	07	030
.134	1.5_1	6	07	031
.246	1.5_1	6	07	029
.1761	1.5_1	6	07	033
.3009	1.5_1	6	07	032
.1789	1.5_1	6	07	034
.107	1.5_1	6	07	036
.2032	1.5_1	6	07	035
.1446	1.5_1	6	07	037
.2203	1.5_1	6	07	038
.1773	1.5_1	6	07	039
.163	1.5_1	6	07	040
.1212	1.5_1	6	07	043
.1951	1.5_1	6	07	041
.1882	1.5_1	6	07	042
.2531	1.5_1	6	07	045
.1498	1.5_1	6	07	044
.1548	1.5_1	6	07	049
.2098	1.5_1	6	07	046
.1415	1.5_1	6	07	048
.4468	1.5_1	6	07	047
.1128	1.5_1	6	07	050
.1813	1.5_1	6	07	051
.1708	1.5_1	6	07	053
.1256	1.5_1	6	07	054
.1144	1.5_1	6	07	055
.1694	1.5_1	6	07	052
.208	1.5_1	6	07	057
.169	1.5_1	6	07	056
.2739	1.5_1	6	07	059
.2314	1.5_1	6	07	058
.1225	1.5_1	6	07	060
.2241	1.5_1	6	07	061
.1918	1.5_1	6	07	064
.2688	1.5_1	6	07	062
.373	1.5_1	6	07	063
.1711	1.5_1	6	07	067
.205	1.5_1	6	07	065
.2391	1.5_1	6	07	066
.144	1.5_1	6	07	068
.1644	1.5_1	6	07	069
.1643	1.5_1	6	07	071
.2645	1.5_1	6	07	070
.1442	1.5_1	6	07	072
.1605	1.5_1	6	07	073
.2309	1.5_1	6	07	075
.1481	1.5_1	6	07	076
.2269	1.5_1	6	07	074
.1962	1.5_1	6	07	077
.1233	1.5_1	6	07	078
.1869	1.5_1	6	07	079
.1897	1.5_1	6	07	080
.1681	1.5_1	6	07	081
.2487	1.5_1	6	07	082
.2237	1.5_1	6	07	083
.1359	1.5_1	6	07	085
.1647	1.5_1	6	07	084
.1447	1.5_1	6	07	088
.1863	1.5_1	6	07	087
.315	1.5_1	6	07	086
.1128	1.5_1	6	07	089
.1305	1.5_1	6	07	090
.1457	1.5_1	6	07	092
.3394	1.5_1	6	07	091
.1544	1.5_1	6	07	093
.202	1.5_1	6	07	095
.1439	1.5_1	6	07	097
.1374	1.5_1	6	07	096
.3019	1.5_1	6	07	094
.2095	1.5_1	6	07	098
.114	1.5_1	6	07	100
.158	1.5_1	6	07	099
.1589	1.5_1	6	08	001
.1364	1.5_1	6	08	003
.1526	1.5_1	6	08	002
.1182	1.5_1	6	08	004
.1372	1.5_1	6	08	005
.0876	1.5_1	6	08	006
.1344	1.5_1	6	08	008
.1314	1.5_1	6	08	007
.2549	1.5_1	6	08	009
.1006	1.5_1	6	08	011
.1705	1.5_1	6	08	012
.3256	1.5_1	6	08	010
.101	1.5_1	6	08	013
.1919	1.5_1	6	08	014
.1272	1.5_1	6	08	016
.1606	1.5_1	6	08	017
.4103	1.5_1	6	08	015
.1069	1.5_1	6	08	018
.1355	1.5_1	6	08	021
.135	1.5_1	6	08	020
.2228	1.5_1	6	08	019
.2005	1.5_1	6	08	022
.176	1.5_1	6	08	023
.1056	1.5_1	6	08	024
.1154	1.5_1	6	08	025
.217	1.5_1	6	08	026
.2032	1.5_1	6	08	027
.151	1.5_1	6	08	029
.3145	1.5_1	6	08	028
.1386	1.5_1	6	08	031
.1388	1.5_1	6	08	032
.2871	1.5_1	6	08	030
.1885	1.5_1	6	08	034
.3035	1.5_1	6	08	033
.0893	1.5_1	6	08	037
.2216	1.5_1	6	08	036
.3139	1.5_1	6	08	035
.1337	1.5_1	6	08	039
.1545	1.5_1	6	08	038
.2056	1.5_1	6	08	040
.1155	1.5_1	6	08	043
.092	1.5_1	6	08	042
.2752	1.5_1	6	08	041
.1105	1.5_1	6	08	044
.1251	1.5_1	6	08	045
.1299	1.5_1	6	08	046
.1075	1.5_1	6	08	049
.1878	1.5_1	6	08	047
.1305	1.5_1	6	08	048
.1007	1.5_1	6	08	051
.2798	1.5_1	6	08	050
.1931	1.5_1	6	08	052
.2936	1.5_1	6	08	053
.2037	1.5_1	6	08	054
.1617	1.5_1	6	08	055
.1874	1.5_1	6	08	057
.2553	1.5_1	6	08	056
.1625	1.5_1	6	08	058
.1457	1.5_1	6	08	059
.1141	1.5_1	6	08	062
.1847	1.5_1	6	08	060
.1797	1.5_1	6	08	061
.1819	1.5_1	6	08	063
.1422	1.5_1	6	08	064
.1292	1.5_1	6	08	066
.2061	1.5_1	6	08	065
.1548	1.5_1	6	08	067
.1442	1.5_1	6	08	068
.297	1.5_1	6	08	069
.121	1.5_1	6	08	072
.2263	1.5_1	6	08	071
.1499	1.5_1	6	08	073
.1398	1.5_1	6	08	074
.3364	1.5_1	6	08	070
.1945	1.5_1	6	08	075
.1313	1.5_1	6	08	077
.112	1.5_1	6	08	076
.1826	1.5_1	6	08	078
.189	1.5_1	6	08	080
.2367	1.5_1	6	08	079
.332	1.5_1	6	08	081
.1357	1.5_1	6	08	082
.1318	1.5_1	6	08	083
.1476	1.5_1	6	08	085
.1858	1.5_1	6	08	084
.1643	1.5_1	6	08	087
.1878	1.5_1	6	08	086
.1196	1.5_1	6	08	088
.1657	1.5_1	6	08	089
.1094	1.5_1	6	08	090
.1109	1.5_1	6	08	093
.1306	1.5_1	6	08	094
.2078	1.5_1	6	08	091
.2193	1.5_1	6	08	092
.1176	1.5_1	6	08	096
.1877	1.5_1	6	08	095
.1339	1.5_1	6	08	098
.1034	1.5_1	6	08	097
.1645	1.5_1	6	08	100
.2574	1.5_1	6	08	099
.1182	1.5_1	6	09	001
.1679	1.5_1	6	09	002
.1885	1.5_1	6	09	006
.1581	1.5_1	6	09	005
.1808	1.5_1	6	09	004
.2177	1.5_1	6	09	003
.1974	1.5_1	6	09	007
.3266	1.5_1	6	09	008
.1364	1.5_1	6	09	009
.2574	1.5_1	6	09	010
.1458	1.5_1	6	09	012
.2451	1.5_1	6	09	011
.1544	1.5_1	6	09	013
.1812	1.5_1	6	09	014
.2749	1.5_1	6	09	015
.2615	1.5_1	6	09	017
.371	1.5_1	6	09	016
.1242	1.5_1	6	09	018
.1113	1.5_1	6	09	019
.3421	1.5_1	6	09	021
.2283	1.5_1	6	09	022
.3183	1.5_1	6	09	020
.144	1.5_1	6	09	023
.1451	1.5_1	6	09	024
.2587	1.5_1	6	09	026
.1759	1.5_1	6	09	027
.1884	1.5_1	6	09	028
.4137	1.5_1	6	09	025
.2489	1.5_1	6	09	029
.1267	1.5_1	6	09	031
.1739	1.5_1	6	09	030
.1518	1.5_1	6	09	032
.2869	1.5_1	6	09	033
.1923	1.5_1	6	09	037
.2358	1.5_1	6	09	035
.2144	1.5_1	6	09	036
.4468	1.5_1	6	09	034
.3291	1.5_1	6	09	038
.0887	1.5_1	6	09	041
.2326	1.5_1	6	09	039
.2084	1.5_1	6	09	040
.1787	1.5_1	6	09	043
.1353	1.5_1	6	09	044
.2208	1.5_1	6	09	042
.1694	1.5_1	6	09	045
.1667	1.5_1	6	09	047
.2257	1.5_1	6	09	046
.172	1.5_1	6	09	048
.1385	1.5_1	6	09	050
.1686	1.5_1	6	09	049
.2776	1.5_1	6	09	051
.1178	1.5_1	6	09	053
.1115	1.5_1	6	09	054
.1952	1.5_1	6	09	052
.2701	1.5_1	6	09	055
.136	1.5_1	6	09	057
.2268	1.5_1	6	09	058
.1754	1.5_1	6	09	056
.5047	1.5_1	6	09	059
.2993	1.5_1	6	09	060
.2429	1.5_1	6	09	062
.2844	1.5_1	6	09	063
.1986	1.5_1	6	09	061
.2894	1.5_1	6	09	064
.3447	1.5_1	6	09	065
.205	1.5_1	6	09	066
.1308	1.5_1	6	09	068
.2563	1.5_1	6	09	067
.2188	1.5_1	6	09	070
.1949	1.5_1	6	09	069
.1533	1.5_1	6	09	072
.1742	1.5_1	6	09	071
.1738	1.5_1	6	09	073
.1147	1.5_1	6	09	074
.2255	1.5_1	6	09	076
.3025	1.5_1	6	09	075
.1734	1.5_1	6	09	078
.1729	1.5_1	6	09	079
.1806	1.5_1	6	09	077
.1524	1.5_1	6	09	081
.3169	1.5_1	6	09	080
.1918	1.5_1	6	09	083
.2	1.5_1	6	09	084
.6837	1.5_1	6	09	082
.1768	1.5_1	6	09	085
.1698	1.5_1	6	09	086
.1784	1.5_1	6	09	087
.2012	1.5_1	6	09	088
.2515	1.5_1	6	09	090
.2186	1.5_1	6	09	089
.159	1.5_1	6	09	091
.1663	1.5_1	6	09	092
.1524	1.5_1	6	09	094
.2785	1.5_1	6	09	093
.1212	1.5_1	6	09	096
.226	1.5_1	6	09	095
.1439	1.5_1	6	09	098
.277	1.5_1	6	09	097
.1593	1.5_1	6	09	099
.0924	1.5_1	6	10	005
.2124	1.5_1	6	09	100
.1658	1.5_1	6	10	003
.1713	1.5_1	6	10	004
.248	1.5_1	6	10	001
.3432	1.5_1	6	10	002
.1286	1.5_1	6	10	006
.3911	1.5_1	6	10	007
.1072	1.5_1	6	10	008
.2113	1.5_1	6	10	011
.0924	1.5_1	6	10	009
.1147	1.5_1	6	10	010
.188	1.5_1	6	10	012
.2768	1.5_1	6	10	013
.1142	1.5_1	6	10	014
.113	1.5_1	6	10	017
.1596	1.5_1	6	10	016
.1443	1.5_1	6	10	015
.1017	1.5_1	6	10	019
.1146	1.5_1	6	10	018
.1353	1.5_1	6	10	020
.1108	1.5_1	6	10	022
.2504	1.5_1	6	10	021
.0793	1.5_1	6	10	024
.1907	1.5_1	6	10	023
.1128	1.5_1	6	10	025
.1394	1.5_1	6	10	026
.1223	1.5_1	6	10	028
.1626	1.5_1	6	10	027
.1141	1.5_1	6	10	029
.1316	1.5_1	6	10	030
.1157	1.5_1	6	10	031
.0902	1.5_1	6	10	032
.0963	1.5_1	6	10	034
.1072	1.5_1	6	10	035
.101	1.5_1	6	10	036
.2746	1.5_1	6	10	033
.235	1.5_1	6	10	037
.1142	1.5_1	6	10	038
.108	1.5_1	6	10	040
.1397	1.5_1	6	10	039
.1096	1.5_1	6	10	042
.1834	1.5_1	6	10	041
.1388	1.5_1	6	10	043
.1544	1.5_1	6	10	045
.1242	1.5_1	6	10	044
.1498	1.5_1	6	10	046
.1368	1.5_1	6	10	048
.1351	1.5_1	6	10	050
.1521	1.5_1	6	10	051
.1363	1.5_1	6	10	049
.2559	1.5_1	6	10	047
.1194	1.5_1	6	10	054
.3448	1.5_1	6	10	053
.4033	1.5_1	6	10	052
.0921	1.5_1	6	10	055
.1078	1.5_1	6	10	056
.1074	1.5_1	6	10	057
.1534	1.5_1	6	10	060
.1313	1.5_1	6	10	058
.0926	1.5_1	6	10	062
.1888	1.5_1	6	10	059
.2761	1.5_1	6	10	063
.2383	1.5_1	6	10	061
.1544	1.5_1	6	10	064
.1802	1.5_1	6	10	065
.2019	1.5_1	6	10	067
.1596	1.5_1	6	10	066
.3565	1.5_1	6	10	068
.1558	1.5_1	6	10	069
.164	1.5_1	6	10	070
.1229	1.5_1	6	10	071
.1533	1.5_1	6	10	073
.2541	1.5_1	6	10	072
.1196	1.5_1	6	10	075
.0993	1.5_1	6	10	074
.1756	1.5_1	6	10	076
.101	1.5_1	6	10	077
.1919	1.5_1	6	10	078
.1096	1.5_1	6	10	080
.1647	1.5_1	6	10	082
.2619	1.5_1	6	10	079
.1487	1.5_1	6	10	081
.2052	1.5_1	6	10	083
.1977	1.5_1	6	10	087
.1231	1.5_1	6	10	084
.1592	1.5_1	6	10	085
.1996	1.5_1	6	10	086
.1465	1.5_1	6	10	088
.1053	1.5_1	6	10	089
.1459	1.5_1	6	10	090
.1724	1.5_1	6	10	091
.1106	1.5_1	6	10	092
.2524	1.5_1	6	10	093
.1004	1.5_1	6	10	094
.0945	1.5_1	6	10	095
.1352	1.5_1	6	10	096
.1145	1.5_1	6	10	097
.1752	1.5_1	6	10	099
.2053	1.5_1	6	10	098
.1247	1.5_1	6	10	100
