1	G000007925	0.8
1	G000011905	0.8
1	G000025605	0.8
0	G000008265	0.8
0	G000024165	0.8
1	G000018265	0.8
0	G000017685	0.8
0	G000008745	0.8
0	G000011565	0.8
0	G000023945	0.8
3	G000022325	0.8
0	G000025005	0.8
0	G000025625	0.8
2	G000014285	0.8
0	G000023465	0.8
3	G000015025	0.8
1	G000010645	0.8
0	G000015805	0.8
0	G000016345	0.8
5	G000015645	0.8
0	G000017465	0.8
1	G000010565	0.8
0	G000019525	0.8
0	G000023985	0.8
0	G000014425	0.8
0	G000024665	0.8
0	G000024545	0.8
1	G000016425	0.8
0	G000026125	0.8
0	G000155875	0.8
0	G000152805	0.8
4	G000152065	0.8
0	G000154305	0.8
0	G000169175	0.8
0	G000153345	0.8
1	G000143165	0.8
0	G000168715	0.8
0	G000169335	0.8
0	G000158935	0.8
1	G000160115	0.8
0	G000165795	0.8
0	G000168295	0.8
0	G000153885	0.8
1	G000153725	0.8
0	G000175575	0.8
0	G000176855	0.8
0	G000147835	0.8
0	G000055785	0.8
0	G000171775	0.8
1	G000156055	0.8
0	G000154285	0.8
0	G000177615	0.8
8	G000168775	0.8
0	G000158075	0.8
0	G000178835	0.8
0	G000180175	0.8
0	G000180455	0.8
2	G000196355	0.8
1	G000188195	0.8
1	G000183725	0.8
2	G000191925	0.8
0	G000219175	0.8
0	G000213935	0.8
0	G000237805	0.8
2	G000190575	0.8
0	G000214335	0.8
0	G000227505	0.8
0	G000192985	0.8
0	G000231445	0.8
0	G000227665	0.8
0	G000238395	0.8
0	G000234805	0.8
0	G000241465	0.8
0	G000244975	0.8
1	G000228205	0.8
0	G000240505	0.8
0	G000242095	0.8
0	G000243815	0.8
0	G000220625	0.8
0	G000225525	0.8
0	G000253295	0.8
0	G000245015	0.8
0	G000255295	0.8
0	G000255555	0.8
1	G000282995	0.8
2	G000258425	0.8
1	G000285795	0.8
0	G000284255	0.8
0	G000297875	0.8
1	G000286115	0.8
1	G000298375	0.8
0	G000299355	0.8
0	G000312405	0.8
5	G000308395	0.8
0	G000320345	0.8
0	G000285555	0.8
0	G000317245	0.8
0	G000321165	0.8
7	G000324305	0.8
5	G000323565	0.8
2	G000304715	0.8
0	G000317995	0.8
0	G000312565	0.8
3	G000331005	0.8
1	G000325745	0.8
0	G000332255	0.8
5	G000324985	0.8
0	G000317795	0.8
1	G000333455	0.8
0	G000332155	0.8
0	G000334455	0.8
1	G000337475	0.8
0	G000377785	0.8
0	G000369145	0.8
0	G000350605	0.8
0	G000374585	0.8
0	G000378085	0.8
0	G000349545	0.8
0	G000372465	0.8
0	G000380565	0.8
0	G000375545	0.8
0	G000350525	0.8
0	G000347835	0.8
2	G000383835	0.8
0	G000374545	0.8
0	G000340825	0.8
0	G000378485	0.8
1	G000383315	0.8
0	G000381525	0.8
0	G000342725	0.8
0	G000384935	0.8
0	G000385135	0.8
0	G000402355	0.8
0	G000372285	0.8
2	G000374145	0.8
1	G000403455	0.8
2	G000403475	0.8
0	G000406785	0.8
0	G000407605	0.8
0	G000409815	0.8
0	G000413035	0.8
0	G000422205	0.8
1	G000421625	0.8
0	G000420205	0.8
3	G000410435	0.8
0	G000415145	0.8
1	G000421605	0.8
0	G000424545	0.8
0	G000423025	0.8
0	G000423745	0.8
0	G000422785	0.8
0	G000418515	0.8
1	G000426305	0.8
2	G000427665	0.8
0	G000423165	0.8
0	G000416315	0.8
0	G000411375	0.8
0	G000424445	0.8
0	G000429305	0.8
0	G000431175	0.8
0	G000429785	0.8
2	G000431355	0.8
0	G000429325	0.8
0	G000431695	0.8
0	G000433415	0.8
0	G000433955	0.8
0	G000435995	0.8
0	G000436855	0.8
0	G000478645	0.8
0	G000466165	0.8
0	G000463075	0.8
0	G000444605	0.8
0	G000472605	0.8
0	G000482805	0.8
1	G000478845	0.8
0	G000436895	0.8
2	G000495495	0.8
0	G000438455	0.8
0	G000495505	0.8
0	G000496175	0.8
0	G000512735	0.8
0	G000480315	0.8
7	G000512235	0.8
0	G000501615	0.8
0	G000517565	0.8
0	G000500065	0.8
0	G000517625	0.8
3	G000518365	0.8
0	G000518205	0.8
0	G000518805	0.8
1	G000518685	0.8
0	G000525675	0.8
0	G000526255	0.8
0	G000526675	0.8
0	G000531125	0.8
0	G000550765	0.8
1	G000619845	0.8
0	G000621665	0.8
0	G000691685	0.8
2	G000576045	0.8
0	G000698595	0.8
0	G000576575	0.8
1	G000701465	0.8
1	G000691725	0.8
0	G000709735	0.8
0	G000620045	0.8
0	G000612445	0.8
0	G000621325	0.8
0	G000691645	0.8
0	G000700905	0.8
0	G000626675	0.8
0	G000710465	0.8
0	G000718015	0.8
0	G000718985	0.8
0	G000712635	0.8
0	G000737335	0.8
2	G000746195	0.8
0	G000745395	0.8
0	G000719975	0.8
0	G000751775	0.8
0	G000755385	0.8
0	G000756655	0.8
0	G000757725	0.8
1	G000759025	0.8
0	G000760235	0.8
1	G000759065	0.8
0	G000763135	0.8
0	G000759445	0.8
1	G000768705	0.8
0	G000760735	0.8
2	G000769655	0.8
0	G000767135	0.8
0	G000787835	0.8
0	G000813665	0.8
0	G000759655	0.8
1	G000771955	0.8
0	G000764205	0.8
0	G000816085	0.8
0	G000828915	0.8
0	G000934725	0.8
0	G000950575	0.8
0	G000951135	0.8
0	G000956475	0.8
0	G000961655	0.8
0	G000970285	0.8
0	G000967895	0.8
0	G000980495	0.8
0	G000987765	0.8
0	G000981785	0.8
2	G000989775	0.8
0	G000992165	0.8
0	G000991935	0.8
1	G000992365	0.8
0	G000993305	0.8
1	G000992205	0.8
0	G000997945	0.8
0	G000995125	0.8
0	G000992745	0.8
0	G000993595	0.8
3	G000996035	0.8
0	G000994465	0.8
0	G000999175	0.8
2	G000998555	0.8
7	G001000505	0.8
0	G001001445	0.8
1	G001000125	0.8
0	G001001925	0.8
0	G001002285	0.8
1	G001002345	0.8
0	G001002405	0.8
2	G001003585	0.8
0	G001005015	0.8
0	G001003415	0.8
1	G001007625	0.8
0	G001028625	0.8
0	G001021975	0.8
0	G001015055	0.8
1	G001029295	0.8
0	G001027925	0.8
1	G001047215	0.8
0	G001056295	0.8
0	G001276615	0.8
0	G001263755	0.8
4	G001283625	0.8
1	G001310395	0.8
0	G001310455	0.8
0	G001310815	0.8
1	G001303125	0.8
1	G001189495	0.8
0	G001314905	0.8
1	G001316245	0.8
2	G001316025	0.8
0	G001299475	0.8
0	G001401795	0.8
0	G001402795	0.8
0	G001403615	0.8
0	G001412595	0.8
0	G001420285	0.8
0	G001418015	0.8
0	G001422215	0.8
0	G001422605	0.8
0	G001423695	0.8
0	G001427875	0.8
0	G001427985	0.8
0	G001426545	0.8
0	G001425835	0.8
0	G001425085	0.8
0	G001428065	0.8
0	G001430825	0.8
0	G001431505	0.8
0	G001434695	0.8
0	G001435585	0.8
0	G001436045	0.8
0	G001437075	0.8
0	G001438085	0.8
0	G001434225	0.8
0	G001438015	0.8
0	G001439215	0.8
3	G001438315	0.8
0	G001442615	0.8
0	G001462175	0.8
0	G001435695	0.8
0	G001462305	0.8
0	G001462315	0.8
0	G001465855	0.8
2	G001469955	0.8
0	G001464125	0.8
1	G001475745	0.8
1	G001464455	0.8
0	G001508895	0.8
1	G001507995	0.8
0	G001516705	0.8
0	G001510075	0.8
0	G001543385	0.8
0	G001513315	0.8
0	G001510185	0.8
0	G001545115	0.8
0	G001550135	0.8
0	G001548375	0.8
1	G001567275	0.8
0	G001563795	0.8
0	G001553605	0.8
0	G001577185	0.8
1	G001560275	0.8
2	G001578205	0.8
3	G001583415	0.8
0	G001583435	0.8
0	G001592745	0.8
0	G001598215	0.8
1	G001601575	0.8
0	G001590785	0.8
0	G001603225	0.8
0	G001603205	0.8
3	G001603795	0.8
0	G001604005	0.8
0	G001618885	0.8
0	G001625535	0.8
0	G001627095	0.8
1	G001627795	0.8
1	G001627595	0.8
0	G001625515	0.8
0	G001632005	0.8
1	G001632485	0.8
1	G001604025	0.8
0	G001643535	0.8
1	G001693275	0.8
0	G001673105	0.8
0	G001705725	0.8
0	G001678845	0.8
1	G001656105	0.8
0	G001730525	0.8
0	G001713665	0.8
0	G001742205	0.8
2	G001767575	0.8
1	G001768305	0.8
0	G001772795	0.8
0	G001770165	0.8
0	G001772885	0.8
0	G001773055	0.8
0	G001773295	0.8
0	G001776855	0.8
0	G001773615	0.8
0	G001775965	0.8
1	G001780275	0.8
1	G001780445	0.8
0	G001783215	0.8
2	G001785695	0.8
0	G001788225	0.8
0	G001787555	0.8
0	G001780385	0.8
1	G001787885	0.8
0	G001789805	0.8
0	G001790575	0.8
0	G001790035	0.8
1	G001793975	0.8
1	G001789965	0.8
1	G001793355	0.8
3	G001792935	0.8
0	G001795085	0.8
0	G001794605	0.8
2	G001796575	0.8
1	G001797045	0.8
1	G001798315	0.8
0	G001796655	0.8
0	G001799255	0.8
0	G001798265	0.8
0	G001799925	0.8
0	G001801405	0.8
1	G001817035	0.8
0	G001804205	0.8
0	G001800495	0.8
0	G001801315	0.8
0	G001819535	0.8
0	G001819635	0.8
2	G001805025	0.8
0	G001817915	0.8
0	G001805765	0.8
1	G001803785	0.8
0	G001819135	0.8
1	G001820325	0.8
1	G001821135	0.8
1	G001821295	0.8
2	G001820905	0.8
0	G001821115	0.8
0	G001822935	0.8
1	G001823055	0.8
0	G001823545	0.8
1	G001824645	0.8
1	G001825635	0.8
0	G001825715	0.8
0	G001830895	0.8
0	G001829625	0.8
6	G001830115	0.8
1	G001830975	0.8
0	G001828265	0.8
8	G001868315	0.8
3	G001867915	0.8
25	G001872305	0.8
0	G001872995	0.8
4	G001867615	0.8
0	G001871895	0.8
0	G001871575	0.8
0	G001858125	0.8
0	G001872225	0.8
0	G001872735	0.8
0	G001872265	0.8
0	G001873495	0.8
0	G001873515	0.8
0	G001873875	0.8
0	G001876055	0.8
0	G001898035	0.8
0	G001904635	0.8
0	G001874625	0.8
0	G001898575	0.8
0	G001914235	0.8
0	G001916175	0.8
0	G001916695	0.8
0	G001917115	0.8
0	G001919715	0.8
0	G001917965	0.8
1	G001917125	0.8
1	G001931535	0.8
0	G001955715	0.8
0	G001999965	0.8
0	G001922575	0.8
14	G001918595	0.8
0	G002005465	0.8
0	G001983655	0.8
0	G001952075	0.8
0	G002009975	0.8
0	G001917575	0.8
0	G002009965	0.8
0	G002010195	0.8
1	G001932755	0.8
2	G002010615	0.8
0	G002011425	0.8
3	G002011745	0.8
0	G002020795	0.8
4	G002021235	0.8
0	G002017915	0.8
8	G002021255	0.8
0	G900002265	0.8
0	G900100455	0.8
4	G900100765	0.8
0	G900103125	0.8
0	G900110905	0.8
0	G900104155	0.8
0	G900109475	0.8
0	G900129305	0.8
0	G900107785	0.8
1	G900129875	0.8
0	G900110995	0.8
0	G900101395	0.8
0	G900103915	0.8
0	G900141935	0.8
0	G900142675	0.8
0	G900113925	0.8
2	G900156245	0.8
0	G900119095	0.8
0	G900141825	0.8
0	G000016345	1
0	G000025625	1
0	G000023465	1
1	G000016425	1
1	G000010645	1
0	G000019525	1
0	G000008265	1
3	G000022325	1
1	G000011905	1
0	G000017685	1
0	G000015805	1
0	G000024665	1
1	G000025605	1
5	G000015645	1
0	G000008745	1
3	G000015025	1
1	G000010565	1
0	G000024545	1
0	G000025005	1
0	G000023945	1
0	G000023985	1
1	G000018265	1
0	G000017465	1
1	G000007925	1
0	G000014425	1
2	G000014285	1
0	G000011565	1
0	G000175575	1
0	G000026125	1
0	G000178835	1
0	G000165795	1
0	G000152805	1
0	G000155875	1
0	G000153885	1
0	G000169335	1
0	G000158935	1
0	G000177615	1
1	G000143165	1
4	G000152065	1
0	G000154305	1
8	G000168775	1
0	G000153345	1
0	G000158075	1
0	G000055785	1
0	G000176855	1
0	G000168715	1
1	G000160115	1
0	G000154285	1
0	G000147835	1
0	G000171775	1
0	G000168295	1
1	G000156055	1
1	G000153725	1
0	G000169175	1
0	G000024165	1
1	G000183725	1
0	G000214335	1
0	G000180175	1
0	G000234805	1
2	G000190575	1
0	G000231445	1
0	G000227665	1
2	G000196355	1
0	G000238395	1
0	G000241465	1
0	G000243815	1
0	G000225525	1
0	G000192985	1
0	G000227505	1
0	G000220625	1
0	G000245015	1
0	G000219175	1
0	G000213935	1
0	G000242095	1
1	G000188195	1
0	G000237805	1
1	G000253295	1
0	G000180455	1
1	G000228205	1
0	G000244975	1
2	G000191925	1
0	G000240505	1
0	G000255295	1
0	G000284255	1
1	G000282995	1
2	G000258425	1
1	G000285795	1
1	G000286115	1
0	G000285555	1
5	G000308395	1
0	G000297875	1
0	G000312405	1
0	G000317245	1
1	G000298375	1
0	G000317795	1
0	G000312565	1
0	G000317995	1
2	G000304715	1
0	G000255555	1
1	G000325745	1
7	G000323565	1
5	G000324985	1
0	G000321165	1
7	G000324305	1
3	G000331005	1
0	G000320345	1
0	G000299355	1
0	G000332255	1
0	G000332155	1
1	G000333455	1
0	G000334455	1
0	G000347835	1
0	G000350525	1
1	G000337475	1
0	G000349545	1
0	G000342725	1
9	G000374145	1
0	G000374545	1
0	G000372465	1
0	G000378085	1
2	G000383835	1
0	G000340825	1
0	G000380565	1
0	G000384935	1
0	G000381525	1
0	G000378485	1
0	G000369145	1
0	G000377785	1
0	G000372285	1
0	G000374585	1
1	G000383315	1
0	G000350605	1
0	G000375545	1
0	G000385135	1
2	G000403455	1
0	G000402355	1
2	G000403475	1
0	G000406785	1
0	G000407605	1
3	G000410435	1
0	G000409815	1
0	G000411375	1
0	G000413035	1
0	G000420205	1
0	G000423025	1
0	G000423745	1
0	G000422785	1
0	G000418515	1
0	G000422205	1
1	G000421625	1
0	G000415145	1
0	G000429305	1
1	G000426305	1
0	G000424445	1
0	G000423165	1
1	G000427665	1
0	G000424545	1
1	G000421605	1
0	G000416315	1
0	G000429325	1
0	G000429785	1
0	G000431175	1
2	G000431355	1
0	G000431695	1
0	G000433415	1
0	G000433955	1
0	G000435995	1
0	G000436855	1
0	G000436895	1
0	G000438455	1
0	G000444605	1
0	G000463075	1
0	G000466165	1
0	G000478645	1
1	G000478845	1
0	G000482805	1
3	G000512235	1
0	G000517565	1
2	G000495495	1
0	G000472605	1
0	G000480315	1
0	G000517625	1
0	G000496175	1
0	G000500065	1
0	G000495505	1
0	G000512735	1
0	G000501615	1
0	G000518205	1
1	G000518365	1
2	G000518685	1
0	G000518805	1
0	G000526255	1
0	G000525675	1
0	G000526675	1
0	G000531125	1
0	G000576575	1
0	G000550765	1
0	G000612445	1
0	G000621665	1
1	G000619845	1
0	G000621325	1
2	G000576045	1
0	G000620045	1
0	G000691685	1
1	G000691725	1
0	G000710465	1
0	G000691645	1
0	G000700905	1
0	G000701465	1
0	G000626675	1
0	G000709735	1
0	G000712635	1
0	G000718015	1
0	G000698595	1
0	G000719975	1
0	G000718985	1
0	G000737335	1
0	G000745395	1
2	G000746195	1
0	G000751775	1
0	G000755385	1
0	G000756655	1
0	G000757725	1
1	G000759025	1
0	G000760735	1
0	G000764205	1
1	G000759065	1
0	G000763135	1
1	G000771955	1
2	G000769655	1
0	G000759445	1
0	G000767135	1
0	G000759655	1
0	G000816085	1
0	G000813665	1
1	G000768705	1
0	G000760235	1
0	G000950575	1
0	G000787835	1
0	G000828915	1
0	G000934725	1
0	G000951135	1
0	G000961655	1
0	G000956475	1
0	G000967895	1
0	G000970285	1
0	G000981785	1
0	G000980495	1
0	G000987765	1
2	G000989775	1
0	G000991935	1
1	G000996035	1
1	G000992205	1
0	G000993595	1
2	G000998555	1
0	G000994465	1
0	G000992745	1
0	G000997945	1
0	G000992165	1
7	G001000505	1
1	G001000125	1
0	G000995125	1
1	G001002345	1
0	G000993305	1
0	G001001445	1
0	G001001925	1
0	G000999175	1
1	G000992365	1
0	G001002285	1
0	G001002405	1
0	G001003415	1
2	G001003585	1
0	G001005015	1
0	G001015055	1
0	G001021975	1
1	G001007625	1
0	G001028625	1
0	G001027925	1
0	G001029295	1
0	G001056295	1
1	G001189495	1
0	G001310815	1
1	G001310395	1
0	G001276615	1
0	G001263755	1
0	G001314905	1
0	G001401795	1
2	G001316025	1
1	G001047215	1
0	G001402795	1
4	G001283625	1
0	G001412595	1
0	G001403615	1
1	G001303125	1
0	G001299475	1
0	G001310455	1
0	G001316245	1
0	G001420285	1
0	G001418015	1
0	G001422215	1
0	G001422605	1
0	G001423695	1
0	G001427875	1
0	G001425835	1
0	G001425085	1
0	G001427985	1
0	G001426545	1
0	G001430825	1
0	G001435585	1
0	G001431505	1
0	G001428065	1
0	G001434695	1
0	G001434225	1
0	G001437075	1
0	G001438015	1
0	G001435695	1
0	G001438085	1
0	G001442615	1
0	G001439215	1
0	G001436045	1
3	G001438315	1
0	G001462305	1
0	G001462315	1
0	G001464125	1
0	G001462175	1
1	G001464455	1
0	G001465855	1
1	G001475745	1
2	G001469955	1
0	G001510075	1
0	G001510185	1
0	G001508895	1
1	G001507995	1
0	G001513315	1
0	G001516705	1
0	G001545115	1
0	G001543385	1
0	G001553605	1
1	G001560275	1
0	G001563795	1
0	G001550135	1
2	G001578205	1
3	G001583415	1
0	G001548375	1
0	G001590785	1
0	G001577185	1
0	G001598215	1
0	G001601575	1
0	G001583435	1
1	G001567275	1
0	G001592745	1
0	G001603205	1
0	G001603225	1
0	G001604005	1
3	G001603795	1
0	G001618885	1
1	G001604025	1
0	G001627095	1
0	G001625535	1
1	G001627795	1
0	G001625515	1
1	G001627595	1
0	G001632005	1
0	G001643535	1
0	G001678845	1
1	G001656105	1
0	G001673105	1
1	G001693275	1
0	G001713665	1
0	G001730525	1
2	G001767575	1
0	G001742205	1
0	G001772795	1
1	G001768305	1
0	G001772885	1
1	G001632485	1
0	G001705725	1
0	G001773055	1
0	G001770165	1
0	G001773295	1
0	G001773615	1
0	G001776855	1
0	G001787555	1
0	G001783215	1
0	G001775965	1
1	G001780275	1
0	G001780385	1
2	G001785695	1
1	G001780445	1
0	G001788225	1
1	G001787885	1
0	G001789805	1
1	G001793355	1
3	G001792935	1
0	G001790575	1
0	G001794605	1
1	G001793975	1
0	G001795085	1
1	G001789965	1
0	G001796655	1
0	G001790035	1
1	G001796575	1
1	G001797045	1
0	G001799925	1
0	G001799255	1
1	G001798315	1
0	G001798265	1
0	G001800495	1
0	G001801315	1
0	G001804205	1
0	G001801405	1
1	G001817035	1
2	G001805025	1
0	G001817915	1
0	G001805765	1
0	G001819135	1
1	G001803785	1
0	G001819635	1
0	G001819535	1
1	G001820325	1
0	G001821115	1
1	G001821295	1
2	G001820905	1
1	G001821135	1
1	G001823055	1
1	G001824645	1
1	G001825635	1
0	G001822935	1
0	G001823545	1
0	G001825715	1
0	G001828265	1
0	G001829625	1
6	G001830115	1
0	G001830895	1
1	G001830975	1
0	G001858125	1
4	G001867615	1
8	G001868315	1
0	G001872735	1
0	G001871895	1
0	G001872225	1
0	G001872265	1
0	G001871575	1
0	G001872305	1
3	G001867915	1
0	G001873495	1
0	G001872995	1
0	G001873875	1
0	G001876055	1
0	G001898575	1
0	G001874625	1
0	G001914235	1
0	G001916175	1
0	G001917115	1
0	G001873515	1
0	G001916695	1
0	G001917125	1
0	G001917575	1
0	G001898035	1
0	G001904635	1
0	G001917965	1
14	G001918595	1
0	G001919715	1
0	G001922575	1
1	G001931535	1
1	G001932755	1
0	G001983655	1
0	G001952075	1
0	G002009965	1
0	G001955715	1
0	G002005465	1
0	G001999965	1
0	G002009975	1
0	G002010195	1
2	G002010615	1
0	G002011425	1
3	G002011745	1
0	G002020795	1
4	G002021235	1
0	G900002265	1
0	G900100455	1
0	G002017915	1
8	G002021255	1
4	G900100765	1
0	G900101395	1
0	G900103125	1
0	G900103915	1
0	G900104155	1
0	G900109475	1
0	G900107785	1
0	G900110905	1
0	G900113925	1
0	G900119095	1
0	G900110995	1
0	G900129305	1
0	G900141825	1
0	G900141935	1
1	G900129875	1
0	G900142675	1
2	G900156245	1
0	G000023465	1.2
1	G000007925	1.2
1	G000010565	1.2
0	G000014425	1.2
1	G000018265	1.2
0	G000017685	1.2
0	G000025625	1.2
2	G000015025	1.2
0	G000008745	1.2
1	G000016425	1.2
0	G000015805	1.2
0	G000023945	1.2
1	G000019525	1.2
0	G000023985	1.2
0	G000025005	1.2
1	G000025605	1.2
1	G000010645	1.2
2	G000014285	1.2
0	G000024165	1.2
0	G000011905	1.2
0	G000016345	1.2
0	G000008265	1.2
3	G000022325	1.2
5	G000015645	1.2
0	G000024545	1.2
0	G000024665	1.2
0	G000017465	1.2
0	G000011565	1.2
0	G000169175	1.2
0	G000152805	1.2
0	G000154285	1.2
0	G000055785	1.2
0	G000153345	1.2
8	G000168775	1.2
0	G000147835	1.2
0	G000169335	1.2
0	G000158075	1.2
0	G000026125	1.2
0	G000154305	1.2
0	G000155875	1.2
0	G000175575	1.2
0	G000168295	1.2
0	G000168715	1.2
1	G000156055	1.2
1	G000143165	1.2
0	G000176855	1.2
1	G000153725	1.2
0	G000177615	1.2
0	G000153885	1.2
0	G000171775	1.2
1	G000160115	1.2
4	G000152065	1.2
0	G000165795	1.2
0	G000178835	1.2
0	G000158935	1.2
0	G000180175	1.2
0	G000227505	1.2
1	G000188195	1.2
1	G000183725	1.2
0	G000213935	1.2
0	G000243815	1.2
0	G000237805	1.2
2	G000191925	1.2
0	G000234805	1.2
0	G000220625	1.2
2	G000196355	1.2
0	G000238395	1.2
0	G000192985	1.2
0	G000180455	1.2
0	G000245015	1.2
0	G000231445	1.2
0	G000241465	1.2
0	G000255295	1.2
0	G000227665	1.2
1	G000228205	1.2
0	G000242095	1.2
0	G000225525	1.2
0	G000244975	1.2
0	G000240505	1.2
0	G000253295	1.2
0	G000214335	1.2
0	G000219175	1.2
2	G000190575	1.2
0	G000255555	1.2
0	G000284255	1.2
0	G000297875	1.2
1	G000298375	1.2
5	G000308395	1.2
0	G000317795	1.2
1	G000282995	1.2
2	G000258425	1.2
2	G000304715	1.2
0	G000299355	1.2
0	G000320345	1.2
0	G000321165	1.2
0	G000312405	1.2
0	G000317995	1.2
0	G000312565	1.2
0	G000317245	1.2
1	G000325745	1.2
5	G000324985	1.2
0	G000285555	1.2
7	G000323565	1.2
0	G000332155	1.2
1	G000286115	1.2
1	G000285795	1.2
7	G000324305	1.2
0	G000332255	1.2
3	G000331005	1.2
1	G000333455	1.2
0	G000334455	1.2
1	G000337475	1.2
0	G000340825	1.2
0	G000372285	1.2
0	G000377785	1.2
0	G000375545	1.2
0	G000374545	1.2
0	G000369145	1.2
0	G000381525	1.2
0	G000372465	1.2
0	G000378485	1.2
1	G000383315	1.2
0	G000350605	1.2
0	G000380565	1.2
0	G000384935	1.2
0	G000350525	1.2
2	G000383835	1.2
1	G000374145	1.2
0	G000349545	1.2
0	G000374585	1.2
0	G000347835	1.2
0	G000342725	1.2
2	G000403475	1.2
0	G000378085	1.2
0	G000385135	1.2
2	G000403455	1.2
0	G000402355	1.2
0	G000406785	1.2
0	G000407605	1.2
0	G000409815	1.2
3	G000410435	1.2
0	G000418515	1.2
0	G000415145	1.2
1	G000421625	1.2
0	G000413035	1.2
0	G000422785	1.2
0	G000423025	1.2
0	G000420205	1.2
0	G000424445	1.2
1	G000426305	1.2
0	G000416315	1.2
0	G000424545	1.2
0	G000422205	1.2
0	G000429325	1.2
0	G000411375	1.2
0	G000423165	1.2
0	G000429305	1.2
0	G000429785	1.2
2	G000431355	1.2
1	G000421605	1.2
0	G000431175	1.2
2	G000427665	1.2
0	G000423745	1.2
0	G000431695	1.2
0	G000433415	1.2
0	G000433955	1.2
0	G000435995	1.2
0	G000436855	1.2
0	G000438455	1.2
0	G000436895	1.2
0	G000463075	1.2
0	G000466165	1.2
0	G000482805	1.2
0	G000500065	1.2
0	G000501615	1.2
0	G000495505	1.2
0	G000496175	1.2
2	G000495495	1.2
0	G000444605	1.2
0	G000472605	1.2
0	G000517565	1.2
3	G000512235	1.2
0	G000478645	1.2
0	G000512735	1.2
0	G000518205	1.2
0	G000517625	1.2
0	G000480315	1.2
1	G000518365	1.2
1	G000518805	1.2
1	G000518685	1.2
0	G000525675	1.2
1	G000478845	1.2
0	G000526255	1.2
0	G000526675	1.2
0	G000531125	1.2
0	G000550765	1.2
0	G000612445	1.2
1	G000619845	1.2
0	G000620045	1.2
0	G000621665	1.2
0	G000698595	1.2
1	G000691725	1.2
1	G000701465	1.2
0	G000700905	1.2
2	G000576045	1.2
0	G000691645	1.2
0	G000709735	1.2
0	G000576575	1.2
0	G000621325	1.2
0	G000691685	1.2
0	G000718985	1.2
0	G000712635	1.2
0	G000710465	1.2
0	G000718015	1.2
0	G000626675	1.2
0	G000745395	1.2
0	G000737335	1.2
0	G000719975	1.2
2	G000746195	1.2
0	G000751775	1.2
0	G000757725	1.2
0	G000756655	1.2
0	G000755385	1.2
1	G000759025	1.2
1	G000759065	1.2
0	G000759655	1.2
0	G000760235	1.2
0	G000760735	1.2
0	G000759445	1.2
0	G000764205	1.2
1	G000768705	1.2
0	G000763135	1.2
1	G000771955	1.2
0	G000787835	1.2
0	G000767135	1.2
0	G000816085	1.2
2	G000769655	1.2
0	G000934725	1.2
0	G000828915	1.2
0	G000950575	1.2
0	G000951135	1.2
0	G000813665	1.2
0	G000961655	1.2
0	G000967895	1.2
0	G000956475	1.2
0	G000970285	1.2
0	G000980495	1.2
0	G000981785	1.2
0	G000987765	1.2
2	G000989775	1.2
0	G000992165	1.2
0	G000991935	1.2
0	G000994465	1.2
0	G000993305	1.2
1	G000992205	1.2
3	G000996035	1.2
0	G000995125	1.2
0	G000997945	1.2
2	G000998555	1.2
0	G000993595	1.2
0	G000992745	1.2
0	G000999175	1.2
1	G001000125	1.2
1	G001000505	1.2
0	G001001445	1.2
0	G001001925	1.2
0	G001002285	1.2
0	G001002405	1.2
1	G000992365	1.2
1	G001002345	1.2
0	G001003415	1.2
0	G001005015	1.2
1	G001007625	1.2
2	G001003585	1.2
0	G001015055	1.2
0	G001021975	1.2
0	G001027925	1.2
1	G001047215	1.2
0	G001028625	1.2
0	G001029295	1.2
1	G001303125	1.2
0	G001299475	1.2
0	G001276615	1.2
0	G001056295	1.2
0	G001263755	1.2
1	G001310395	1.2
4	G001283625	1.2
0	G001314905	1.2
0	G001316245	1.2
2	G001316025	1.2
1	G001189495	1.2
0	G001310815	1.2
0	G001401795	1.2
0	G001310455	1.2
0	G001402795	1.2
0	G001403615	1.2
0	G001412595	1.2
0	G001418015	1.2
0	G001420285	1.2
0	G001422215	1.2
0	G001422605	1.2
0	G001423695	1.2
0	G001425085	1.2
0	G001426545	1.2
0	G001427985	1.2
0	G001428065	1.2
0	G001425835	1.2
0	G001427875	1.2
0	G001434695	1.2
0	G001430825	1.2
0	G001431505	1.2
0	G001435585	1.2
0	G001435695	1.2
0	G001436045	1.2
0	G001434225	1.2
0	G001438015	1.2
0	G001438085	1.2
0	G001437075	1.2
3	G001438315	1.2
0	G001442615	1.2
0	G001439215	1.2
0	G001462175	1.2
0	G001462315	1.2
0	G001462305	1.2
0	G001464125	1.2
0	G001465855	1.2
1	G001475745	1.2
2	G001469955	1.2
1	G001464455	1.2
1	G001507995	1.2
0	G001508895	1.2
0	G001510075	1.2
0	G001516705	1.2
0	G001510185	1.2
0	G001513315	1.2
0	G001543385	1.2
1	G001560275	1.2
0	G001548375	1.2
1	G001567275	1.2
0	G001553605	1.2
2	G001578205	1.2
0	G001563795	1.2
0	G001545115	1.2
3	G001583415	1.2
0	G001577185	1.2
0	G001583435	1.2
0	G001550135	1.2
0	G001592745	1.2
0	G001590785	1.2
0	G001598215	1.2
0	G001601575	1.2
0	G001603225	1.2
0	G001603205	1.2
0	G001604005	1.2
3	G001603795	1.2
1	G001604025	1.2
0	G001618885	1.2
0	G001625515	1.2
0	G001625535	1.2
0	G001627095	1.2
0	G001632005	1.2
1	G001632485	1.2
1	G001627795	1.2
1	G001627595	1.2
0	G001673105	1.2
0	G001705725	1.2
0	G001643535	1.2
0	G001678845	1.2
1	G001656105	1.2
0	G001713665	1.2
1	G001693275	1.2
2	G001767575	1.2
0	G001730525	1.2
0	G001742205	1.2
0	G001770165	1.2
0	G001772795	1.2
1	G001768305	1.2
0	G001773055	1.2
0	G001772885	1.2
0	G001776855	1.2
0	G001773295	1.2
1	G001780275	1.2
0	G001773615	1.2
0	G001775965	1.2
2	G001785695	1.2
0	G001780385	1.2
0	G001783215	1.2
0	G001787555	1.2
1	G001780445	1.2
0	G001789805	1.2
0	G001788225	1.2
1	G001787885	1.2
1	G001789965	1.2
0	G001790035	1.2
1	G001793355	1.2
0	G001790575	1.2
0	G001794605	1.2
1	G001796575	1.2
3	G001792935	1.2
0	G001795085	1.2
1	G001793975	1.2
1	G001797045	1.2
0	G001796655	1.2
0	G001798265	1.2
0	G001799255	1.2
1	G001798315	1.2
0	G001801315	1.2
0	G001800495	1.2
0	G001801405	1.2
1	G001803785	1.2
0	G001799925	1.2
0	G001804205	1.2
2	G001805025	1.2
0	G001805765	1.2
1	G001817035	1.2
0	G001819135	1.2
0	G001819635	1.2
1	G001820325	1.2
0	G001819535	1.2
0	G001817915	1.2
1	G001821135	1.2
0	G001821115	1.2
2	G001820905	1.2
0	G001822935	1.2
1	G001824645	1.2
1	G001825635	1.2
1	G001823055	1.2
1	G001821295	1.2
0	G001823545	1.2
0	G001825715	1.2
0	G001828265	1.2
0	G001829625	1.2
6	G001830115	1.2
0	G001830895	1.2
1	G001830975	1.2
0	G001858125	1.2
4	G001867615	1.2
3	G001867915	1.2
8	G001868315	1.2
0	G001872225	1.2
0	G001871895	1.2
0	G001871575	1.2
0	G001872265	1.2
0	G001872305	1.2
0	G001872995	1.2
0	G001873495	1.2
0	G001873515	1.2
0	G001872735	1.2
0	G001874625	1.2
0	G001873875	1.2
0	G001904635	1.2
0	G001876055	1.2
0	G001898035	1.2
0	G001914235	1.2
0	G001916175	1.2
0	G001898575	1.2
0	G001916695	1.2
0	G001917115	1.2
0	G001917125	1.2
0	G001917575	1.2
0	G001917965	1.2
0	G001922575	1.2
1	G001931535	1.2
0	G001919715	1.2
14	G001918595	1.2
1	G001932755	1.2
0	G001952075	1.2
0	G001955715	1.2
0	G001983655	1.2
0	G001999965	1.2
0	G002005465	1.2
0	G002010195	1.2
0	G002011425	1.2
0	G002009965	1.2
0	G002009975	1.2
2	G002010615	1.2
2	G002011745	1.2
0	G002017915	1.2
4	G002021235	1.2
8	G002021255	1.2
0	G900002265	1.2
0	G002020795	1.2
0	G900100455	1.2
2	G900100765	1.2
0	G900103125	1.2
0	G900101395	1.2
0	G900104155	1.2
0	G900107785	1.2
0	G900103915	1.2
0	G900110905	1.2
0	G900113925	1.2
0	G900110995	1.2
0	G900109475	1.2
0	G900119095	1.2
0	G900129305	1.2
0	G900141825	1.2
1	G900129875	1.2
0	G900142675	1.2
2	G900156245	1.2
0	G900141935	1.2
1	G000015025	1.4
0	G000016345	1.4
2	G000014285	1.4
0	G000014425	1.4
0	G000025625	1.4
5	G000015645	1.4
0	G000015805	1.4
1	G000016425	1.4
0	G000017465	1.4
0	G000008265	1.4
1	G000010645	1.4
3	G000022325	1.4
0	G000023945	1.4
0	G000024665	1.4
0	G000011565	1.4
0	G000025005	1.4
1	G000007925	1.4
1	G000010565	1.4
0	G000023985	1.4
0	G000024545	1.4
0	G000018265	1.4
0	G000011905	1.4
0	G000017685	1.4
0	G000024165	1.4
0	G000025605	1.4
0	G000008745	1.4
1	G000019525	1.4
0	G000147835	1.4
1	G000153725	1.4
0	G000026125	1.4
0	G000175575	1.4
0	G000160115	1.4
0	G000169175	1.4
0	G000154285	1.4
0	G000168715	1.4
0	G000165795	1.4
1	G000156055	1.4
8	G000168775	1.4
0	G000158935	1.4
0	G000153345	1.4
0	G000169335	1.4
0	G000152805	1.4
0	G000178835	1.4
0	G000158075	1.4
0	G000177615	1.4
0	G000055785	1.4
4	G000152065	1.4
1	G000143165	1.4
0	G000154305	1.4
0	G000155875	1.4
0	G000171775	1.4
0	G000176855	1.4
0	G000153885	1.4
0	G000168295	1.4
0	G000023465	1.4
1	G000183725	1.4
0	G000192985	1.4
0	G000180455	1.4
0	G000180175	1.4
2	G000190575	1.4
0	G000214335	1.4
1	G000188195	1.4
0	G000227665	1.4
0	G000220625	1.4
0	G000242095	1.4
2	G000196355	1.4
0	G000213935	1.4
0	G000225525	1.4
0	G000238395	1.4
2	G000191925	1.4
0	G000231445	1.4
0	G000241465	1.4
0	G000234805	1.4
0	G000240505	1.4
0	G000219175	1.4
0	G000243815	1.4
1	G000228205	1.4
0	G000244975	1.4
0	G000245015	1.4
0	G000237805	1.4
0	G000227505	1.4
1	G000253295	1.4
2	G000255295	1.4
1	G000282995	1.4
1	G000285795	1.4
2	G000258425	1.4
0	G000255555	1.4
5	G000308395	1.4
1	G000286115	1.4
0	G000317995	1.4
0	G000285555	1.4
0	G000297875	1.4
0	G000321165	1.4
0	G000317795	1.4
0	G000320345	1.4
0	G000299355	1.4
5	G000324985	1.4
0	G000312405	1.4
3	G000325745	1.4
1	G000298375	1.4
7	G000324305	1.4
0	G000284255	1.4
0	G000317245	1.4
1	G000304715	1.4
0	G000312565	1.4
0	G000332255	1.4
7	G000323565	1.4
0	G000332155	1.4
1	G000333455	1.4
3	G000331005	1.4
0	G000334455	1.4
0	G000350605	1.4
0	G000347835	1.4
0	G000372285	1.4
1	G000337475	1.4
0	G000340825	1.4
0	G000350525	1.4
0	G000380565	1.4
1	G000374145	1.4
0	G000374545	1.4
0	G000342725	1.4
0	G000375545	1.4
0	G000369145	1.4
0	G000381525	1.4
0	G000349545	1.4
0	G000378085	1.4
0	G000374585	1.4
1	G000383315	1.4
0	G000378485	1.4
0	G000402355	1.4
0	G000377785	1.4
0	G000384935	1.4
2	G000383835	1.4
0	G000372465	1.4
0	G000385135	1.4
2	G000403455	1.4
2	G000403475	1.4
0	G000406785	1.4
0	G000407605	1.4
0	G000418515	1.4
0	G000409815	1.4
0	G000411375	1.4
3	G000410435	1.4
0	G000423165	1.4
0	G000422205	1.4
1	G000420205	1.4
0	G000424545	1.4
0	G000416315	1.4
1	G000421605	1.4
0	G000424445	1.4
0	G000423025	1.4
0	G000415145	1.4
0	G000423745	1.4
1	G000421625	1.4
0	G000413035	1.4
0	G000422785	1.4
1	G000426305	1.4
0	G000429305	1.4
3	G000427665	1.4
2	G000431355	1.4
0	G000431695	1.4
0	G000431175	1.4
0	G000429785	1.4
0	G000433415	1.4
0	G000429325	1.4
0	G000433955	1.4
0	G000435995	1.4
0	G000444605	1.4
0	G000438455	1.4
0	G000463075	1.4
1	G000478845	1.4
0	G000436895	1.4
0	G000466165	1.4
2	G000495495	1.4
0	G000482805	1.4
0	G000436855	1.4
0	G000478645	1.4
0	G000495505	1.4
0	G000500065	1.4
0	G000480315	1.4
0	G000501615	1.4
2	G000512235	1.4
0	G000496175	1.4
0	G000472605	1.4
1	G000518685	1.4
0	G000517625	1.4
0	G000512735	1.4
1	G000518365	1.4
0	G000517565	1.4
1	G000518805	1.4
0	G000518205	1.4
0	G000525675	1.4
0	G000526255	1.4
0	G000531125	1.4
3	G000526675	1.4
0	G000621325	1.4
2	G000576045	1.4
1	G000619845	1.4
0	G000550765	1.4
0	G000621665	1.4
1	G000691725	1.4
0	G000691645	1.4
0	G000626675	1.4
0	G000576575	1.4
0	G000691685	1.4
0	G000612445	1.4
0	G000698595	1.4
0	G000620045	1.4
0	G000700905	1.4
1	G000701465	1.4
0	G000709735	1.4
0	G000710465	1.4
0	G000718015	1.4
0	G000712635	1.4
0	G000737335	1.4
0	G000718985	1.4
0	G000719975	1.4
0	G000745395	1.4
2	G000746195	1.4
0	G000751775	1.4
0	G000755385	1.4
0	G000756655	1.4
0	G000757725	1.4
0	G000759655	1.4
1	G000759065	1.4
0	G000767135	1.4
0	G000764205	1.4
0	G000763135	1.4
0	G000787835	1.4
2	G000769655	1.4
1	G000771955	1.4
0	G000759445	1.4
0	G000813665	1.4
2	G000759025	1.4
0	G000760235	1.4
1	G000768705	1.4
0	G000828915	1.4
0	G000760735	1.4
0	G000934725	1.4
0	G000951135	1.4
0	G000956475	1.4
0	G000961655	1.4
0	G000967895	1.4
0	G000816085	1.4
0	G000950575	1.4
0	G000970285	1.4
0	G000980495	1.4
0	G000987765	1.4
0	G000981785	1.4
2	G000989775	1.4
0	G000991935	1.4
0	G000992165	1.4
0	G000992745	1.4
0	G000993305	1.4
0	G000993595	1.4
0	G000995125	1.4
0	G000994465	1.4
2	G000998555	1.4
1	G001000125	1.4
3	G000996035	1.4
0	G000999175	1.4
0	G000997945	1.4
1	G000992205	1.4
1	G000992365	1.4
0	G001001445	1.4
0	G001001925	1.4
0	G001002405	1.4
0	G001002285	1.4
2	G001003585	1.4
1	G001000505	1.4
0	G001003415	1.4
1	G001002345	1.4
0	G001005015	1.4
1	G001007625	1.4
0	G001015055	1.4
0	G001021975	1.4
0	G001027925	1.4
0	G001028625	1.4
1	G001029295	1.4
4	G001283625	1.4
1	G001189495	1.4
0	G001299475	1.4
0	G001276615	1.4
1	G001310395	1.4
0	G001263755	1.4
0	G001314905	1.4
0	G001310455	1.4
1	G001047215	1.4
1	G001303125	1.4
2	G001316025	1.4
0	G001310815	1.4
0	G001056295	1.4
0	G001412595	1.4
0	G001403615	1.4
0	G001420285	1.4
1	G001316245	1.4
0	G001401795	1.4
0	G001402795	1.4
0	G001422215	1.4
0	G001422605	1.4
0	G001423695	1.4
0	G001418015	1.4
0	G001425085	1.4
0	G001426545	1.4
0	G001425835	1.4
0	G001427875	1.4
0	G001427985	1.4
0	G001430825	1.4
0	G001431505	1.4
0	G001435695	1.4
0	G001435585	1.4
0	G001437075	1.4
0	G001434695	1.4
0	G001436045	1.4
0	G001434225	1.4
0	G001438015	1.4
0	G001438085	1.4
3	G001438315	1.4
0	G001428065	1.4
0	G001439215	1.4
0	G001462305	1.4
0	G001462315	1.4
0	G001462175	1.4
0	G001442615	1.4
1	G001464455	1.4
0	G001464125	1.4
0	G001465855	1.4
1	G001507995	1.4
2	G001469955	1.4
1	G001475745	1.4
0	G001508895	1.4
4	G001510075	1.4
0	G001510185	1.4
0	G001513315	1.4
0	G001516705	1.4
0	G001543385	1.4
0	G001550135	1.4
0	G001548375	1.4
3	G001583415	1.4
0	G001545115	1.4
1	G001567275	1.4
7	G001583435	1.4
2	G001578205	1.4
0	G001553605	1.4
0	G001563795	1.4
1	G001560275	1.4
0	G001577185	1.4
0	G001590785	1.4
0	G001592745	1.4
0	G001601575	1.4
0	G001598215	1.4
0	G001603205	1.4
0	G001603225	1.4
3	G001603795	1.4
0	G001604005	1.4
0	G001618885	1.4
1	G001604025	1.4
0	G001625515	1.4
0	G001625535	1.4
1	G001627795	1.4
0	G001627095	1.4
1	G001627595	1.4
0	G001632005	1.4
0	G001643535	1.4
0	G001673105	1.4
1	G001632485	1.4
0	G001678845	1.4
1	G001693275	1.4
0	G001730525	1.4
5	G001767575	1.4
0	G001705725	1.4
1	G001656105	1.4
0	G001713665	1.4
0	G001742205	1.4
1	G001768305	1.4
0	G001770165	1.4
0	G001773055	1.4
0	G001772795	1.4
0	G001772885	1.4
0	G001773295	1.4
0	G001773615	1.4
0	G001775965	1.4
0	G001776855	1.4
1	G001780275	1.4
0	G001780385	1.4
0	G001783215	1.4
2	G001785695	1.4
1	G001787885	1.4
1	G001780445	1.4
0	G001787555	1.4
0	G001788225	1.4
0	G001789805	1.4
0	G001790035	1.4
3	G001792935	1.4
0	G001790575	1.4
1	G001793355	1.4
1	G001793975	1.4
1	G001789965	1.4
1	G001796575	1.4
0	G001795085	1.4
0	G001794605	1.4
0	G001796655	1.4
1	G001797045	1.4
1	G001798315	1.4
0	G001798265	1.4
0	G001799255	1.4
0	G001799925	1.4
0	G001801405	1.4
0	G001800495	1.4
0	G001801315	1.4
1	G001803785	1.4
0	G001804205	1.4
2	G001805025	1.4
0	G001805765	1.4
1	G001817035	1.4
0	G001819135	1.4
0	G001817915	1.4
0	G001819535	1.4
0	G001819635	1.4
2	G001820905	1.4
1	G001820325	1.4
1	G001821135	1.4
1	G001823055	1.4
0	G001822935	1.4
1	G001821295	1.4
1	G001824645	1.4
0	G001821115	1.4
1	G001825635	1.4
0	G001828265	1.4
0	G001823545	1.4
0	G001825715	1.4
0	G001829625	1.4
6	G001830115	1.4
0	G001830895	1.4
1	G001830975	1.4
0	G001858125	1.4
4	G001867615	1.4
3	G001867915	1.4
8	G001868315	1.4
0	G001871895	1.4
0	G001872265	1.4
0	G001872305	1.4
0	G001872225	1.4
0	G001871575	1.4
0	G001872735	1.4
0	G001872995	1.4
0	G001873495	1.4
0	G001873875	1.4
0	G001874625	1.4
0	G001873515	1.4
0	G001898035	1.4
0	G001876055	1.4
0	G001898575	1.4
0	G001904635	1.4
0	G001916175	1.4
0	G001914235	1.4
0	G001917115	1.4
0	G001916695	1.4
1	G001917125	1.4
0	G001917575	1.4
0	G001917965	1.4
14	G001918595	1.4
0	G001919715	1.4
0	G001922575	1.4
1	G001931535	1.4
0	G002005465	1.4
0	G001999965	1.4
0	G002009975	1.4
0	G001955715	1.4
0	G001983655	1.4
0	G002009965	1.4
0	G001952075	1.4
1	G001932755	1.4
0	G002010195	1.4
4	G002010615	1.4
2	G002011745	1.4
0	G002020795	1.4
0	G002017915	1.4
0	G002011425	1.4
4	G002021235	1.4
0	G900100455	1.4
0	G900002265	1.4
8	G002021255	1.4
0	G900103125	1.4
0	G900101395	1.4
2	G900100765	1.4
0	G900103915	1.4
0	G900104155	1.4
0	G900109475	1.4
0	G900107785	1.4
0	G900110995	1.4
0	G900110905	1.4
0	G900129305	1.4
2	G900156245	1.4
0	G900141825	1.4
0	G900141935	1.4
1	G900129875	1.4
0	G900113925	1.4
0	G900119095	1.4
0	G900142675	1.4
3	G000022325	1.6
1	G000016425	1.6
1	G000018265	1.6
0	G000024165	1.6
1	G000019525	1.6
0	G000017685	1.6
0	G000011565	1.6
0	G000016345	1.6
0	G000024545	1.6
1	G000011905	1.6
0	G000014425	1.6
0	G000024665	1.6
0	G000023945	1.6
1	G000015025	1.6
0	G000025005	1.6
0	G000025605	1.6
0	G000015805	1.6
5	G000015645	1.6
1	G000010645	1.6
0	G000017465	1.6
1	G000007925	1.6
0	G000023985	1.6
0	G000023465	1.6
1	G000010565	1.6
0	G000025625	1.6
0	G000008265	1.6
0	G000008745	1.6
2	G000014285	1.6
0	G000165795	1.6
4	G000152065	1.6
1	G000156055	1.6
0	G000168715	1.6
3	G000177615	1.6
0	G000176855	1.6
0	G000155875	1.6
0	G000152805	1.6
0	G000160115	1.6
1	G000143165	1.6
0	G000154305	1.6
8	G000168775	1.6
0	G000171775	1.6
0	G000147835	1.6
0	G000169335	1.6
0	G000158075	1.6
0	G000055785	1.6
1	G000153725	1.6
0	G000158935	1.6
0	G000026125	1.6
0	G000175575	1.6
0	G000154285	1.6
0	G000168295	1.6
0	G000153885	1.6
0	G000169175	1.6
0	G000153345	1.6
0	G000178835	1.6
0	G000180175	1.6
1	G000183725	1.6
2	G000191925	1.6
0	G000180455	1.6
2	G000196355	1.6
0	G000227505	1.6
0	G000234805	1.6
0	G000214335	1.6
0	G000225525	1.6
0	G000227665	1.6
0	G000220625	1.6
0	G000237805	1.6
2	G000190575	1.6
1	G000188195	1.6
0	G000219175	1.6
0	G000231445	1.6
0	G000213935	1.6
0	G000192985	1.6
0	G000244975	1.6
0	G000241465	1.6
0	G000240505	1.6
1	G000228205	1.6
0	G000238395	1.6
0	G000243815	1.6
0	G000245015	1.6
1	G000253295	1.6
0	G000242095	1.6
2	G000255295	1.6
0	G000255555	1.6
0	G000285555	1.6
1	G000282995	1.6
5	G000258425	1.6
1	G000286115	1.6
0	G000312565	1.6
0	G000297875	1.6
1	G000285795	1.6
5	G000308395	1.6
2	G000304715	1.6
0	G000317245	1.6
0	G000317795	1.6
0	G000321165	1.6
0	G000284255	1.6
0	G000325745	1.6
11	G000324305	1.6
0	G000299355	1.6
7	G000324985	1.6
3	G000331005	1.6
1	G000298375	1.6
7	G000323565	1.6
0	G000317995	1.6
0	G000320345	1.6
0	G000332155	1.6
0	G000332255	1.6
1	G000333455	1.6
0	G000312405	1.6
0	G000334455	1.6
1	G000337475	1.6
0	G000350525	1.6
0	G000342725	1.6
0	G000340825	1.6
7	G000375545	1.6
0	G000369145	1.6
0	G000349545	1.6
1	G000383315	1.6
0	G000374585	1.6
0	G000377785	1.6
0	G000372465	1.6
2	G000383835	1.6
0	G000380565	1.6
0	G000374545	1.6
0	G000381525	1.6
0	G000372285	1.6
0	G000378485	1.6
1	G000374145	1.6
0	G000347835	1.6
0	G000350605	1.6
0	G000378085	1.6
0	G000385135	1.6
0	G000384935	1.6
2	G000403475	1.6
2	G000403455	1.6
0	G000402355	1.6
0	G000406785	1.6
0	G000407605	1.6
0	G000409815	1.6
0	G000416315	1.6
0	G000413035	1.6
1	G000421625	1.6
0	G000415145	1.6
0	G000422205	1.6
1	G000421605	1.6
0	G000423745	1.6
0	G000423025	1.6
0	G000423165	1.6
3	G000410435	1.6
0	G000424445	1.6
2	G000427665	1.6
0	G000429325	1.6
0	G000422785	1.6
0	G000418515	1.6
1	G000420205	1.6
0	G000411375	1.6
0	G000424545	1.6
1	G000426305	1.6
0	G000429305	1.6
0	G000431175	1.6
0	G000429785	1.6
0	G000431695	1.6
0	G000433415	1.6
0	G000433955	1.6
2	G000431355	1.6
0	G000435995	1.6
0	G000436855	1.6
1	G000444605	1.6
0	G000436895	1.6
0	G000466165	1.6
0	G000438455	1.6
2	G000495495	1.6
0	G000480315	1.6
1	G000478845	1.6
0	G000463075	1.6
0	G000495505	1.6
0	G000512735	1.6
0	G000482805	1.6
0	G000517565	1.6
0	G000472605	1.6
0	G000500065	1.6
2	G000512235	1.6
0	G000496175	1.6
0	G000478645	1.6
0	G000501615	1.6
0	G000517625	1.6
0	G000518205	1.6
1	G000518365	1.6
2	G000518685	1.6
0	G000526255	1.6
3	G000526675	1.6
0	G000525675	1.6
1	G000518805	1.6
0	G000531125	1.6
0	G000550765	1.6
2	G000576045	1.6
0	G000691645	1.6
0	G000621665	1.6
0	G000576575	1.6
0	G000626675	1.6
0	G000619845	1.6
0	G000620045	1.6
0	G000612445	1.6
1	G000701465	1.6
0	G000698595	1.6
0	G000621325	1.6
0	G000691685	1.6
0	G000718985	1.6
0	G000709735	1.6
0	G000718015	1.6
0	G000719975	1.6
0	G000700905	1.6
0	G000712635	1.6
0	G000710465	1.6
1	G000691725	1.6
0	G000737335	1.6
11	G000756655	1.6
0	G000745395	1.6
0	G000751775	1.6
0	G000755385	1.6
2	G000746195	1.6
0	G000757725	1.6
1	G000759025	1.6
0	G000759445	1.6
0	G000759655	1.6
1	G000759065	1.6
0	G000764205	1.6
0	G000763135	1.6
0	G000767135	1.6
1	G000768705	1.6
2	G000769655	1.6
0	G000760735	1.6
0	G000760235	1.6
2	G000771955	1.6
0	G000816085	1.6
0	G000813665	1.6
0	G000787835	1.6
0	G000828915	1.6
0	G000951135	1.6
0	G000934725	1.6
0	G000950575	1.6
0	G000961655	1.6
0	G000956475	1.6
0	G000970285	1.6
0	G000991935	1.6
0	G000967895	1.6
0	G000981785	1.6
0	G000987765	1.6
2	G000989775	1.6
0	G000980495	1.6
0	G000992165	1.6
1	G000992365	1.6
0	G000994465	1.6
0	G000993595	1.6
0	G000993305	1.6
3	G000996035	1.6
0	G000992745	1.6
1	G000992205	1.6
2	G000998555	1.6
0	G001001445	1.6
0	G000997945	1.6
0	G000995125	1.6
1	G001002345	1.6
1	G001000505	1.6
0	G001002285	1.6
0	G000999175	1.6
1	G001000125	1.6
0	G001002405	1.6
0	G001001925	1.6
0	G001003415	1.6
2	G001003585	1.6
0	G001021975	1.6
0	G001015055	1.6
0	G001005015	1.6
1	G001007625	1.6
0	G001027925	1.6
1	G001047215	1.6
1	G001029295	1.6
0	G001028625	1.6
1	G001189495	1.6
1	G001263755	1.6
1	G001303125	1.6
0	G001056295	1.6
4	G001283625	1.6
0	G001276615	1.6
0	G001299475	1.6
0	G001310455	1.6
0	G001314905	1.6
1	G001310395	1.6
1	G001316245	1.6
2	G001316025	1.6
0	G001310815	1.6
0	G001402795	1.6
0	G001401795	1.6
0	G001403615	1.6
0	G001418015	1.6
0	G001412595	1.6
0	G001420285	1.6
0	G001422215	1.6
0	G001422605	1.6
0	G001423695	1.6
0	G001425085	1.6
0	G001425835	1.6
0	G001426545	1.6
1	G001427875	1.6
0	G001427985	1.6
0	G001428065	1.6
0	G001434225	1.6
0	G001431505	1.6
0	G001434695	1.6
0	G001436045	1.6
0	G001438015	1.6
0	G001437075	1.6
0	G001435695	1.6
3	G001438315	1.6
0	G001435585	1.6
0	G001439215	1.6
0	G001438085	1.6
0	G001430825	1.6
0	G001462175	1.6
0	G001442615	1.6
0	G001462305	1.6
1	G001464455	1.6
0	G001464125	1.6
0	G001462315	1.6
0	G001465855	1.6
2	G001469955	1.6
1	G001475745	1.6
1	G001507995	1.6
0	G001513315	1.6
0	G001510075	1.6
0	G001508895	1.6
0	G001510185	1.6
0	G001543385	1.6
0	G001516705	1.6
0	G001545115	1.6
0	G001553605	1.6
0	G001550135	1.6
0	G001563795	1.6
0	G001577185	1.6
0	G001567275	1.6
0	G001590785	1.6
0	G001548375	1.6
3	G001583415	1.6
1	G001560275	1.6
6	G001583435	1.6
2	G001578205	1.6
0	G001601575	1.6
0	G001598215	1.6
0	G001592745	1.6
0	G001603205	1.6
0	G001603225	1.6
3	G001603795	1.6
0	G001604005	1.6
1	G001604025	1.6
0	G001625535	1.6
0	G001625515	1.6
1	G001627595	1.6
0	G001627095	1.6
1	G001627795	1.6
5	G001632005	1.6
0	G001618885	1.6
1	G001632485	1.6
0	G001673105	1.6
1	G001693275	1.6
1	G001656105	1.6
0	G001713665	1.6
0	G001705725	1.6
5	G001767575	1.6
0	G001730525	1.6
0	G001643535	1.6
0	G001678845	1.6
0	G001742205	1.6
0	G001773055	1.6
0	G001770165	1.6
1	G001768305	1.6
0	G001772885	1.6
0	G001772795	1.6
0	G001773295	1.6
0	G001773615	1.6
0	G001775965	1.6
0	G001776855	1.6
1	G001780275	1.6
0	G001783215	1.6
1	G001780445	1.6
0	G001788225	1.6
2	G001785695	1.6
0	G001787555	1.6
0	G001780385	1.6
1	G001787885	1.6
0	G001789805	1.6
0	G001790575	1.6
3	G001792935	1.6
0	G001790035	1.6
0	G001794605	1.6
1	G001789965	1.6
1	G001793355	1.6
1	G001796575	1.6
0	G001795085	1.6
0	G001796655	1.6
1	G001793975	1.6
0	G001798265	1.6
1	G001798315	1.6
0	G001799925	1.6
0	G001799255	1.6
1	G001797045	1.6
0	G001800495	1.6
0	G001801315	1.6
0	G001801405	1.6
1	G001803785	1.6
2	G001805025	1.6
0	G001804205	1.6
0	G001805765	1.6
1	G001817035	1.6
0	G001819135	1.6
0	G001819535	1.6
0	G001819635	1.6
0	G001817915	1.6
1	G001820325	1.6
1	G001821135	1.6
1	G001821295	1.6
0	G001821115	1.6
0	G001823545	1.6
0	G001822935	1.6
2	G001820905	1.6
1	G001823055	1.6
1	G001825635	1.6
0	G001825715	1.6
0	G001828265	1.6
0	G001829625	1.6
6	G001830115	1.6
0	G001830895	1.6
1	G001830975	1.6
1	G001824645	1.6
4	G001867615	1.6
0	G001858125	1.6
0	G001871895	1.6
3	G001867915	1.6
0	G001871575	1.6
0	G001872225	1.6
0	G001872305	1.6
0	G001872265	1.6
0	G001873495	1.6
8	G001868315	1.6
0	G001872735	1.6
0	G001872995	1.6
0	G001873515	1.6
0	G001873875	1.6
0	G001874625	1.6
0	G001904635	1.6
0	G001876055	1.6
0	G001898575	1.6
0	G001898035	1.6
0	G001916175	1.6
0	G001914235	1.6
1	G001917125	1.6
0	G001917115	1.6
0	G001916695	1.6
0	G001917575	1.6
0	G001917965	1.6
0	G001919715	1.6
14	G001918595	1.6
0	G001955715	1.6
1	G001931535	1.6
1	G001932755	1.6
0	G001922575	1.6
0	G001983655	1.6
0	G001999965	1.6
0	G002005465	1.6
0	G002009965	1.6
0	G002010195	1.6
0	G001952075	1.6
0	G002009975	1.6
1	G002010615	1.6
0	G002011425	1.6
2	G002011745	1.6
0	G002017915	1.6
4	G002021235	1.6
0	G900002265	1.6
0	G002020795	1.6
8	G002021255	1.6
0	G900100455	1.6
2	G900100765	1.6
0	G900101395	1.6
0	G900104155	1.6
0	G900109475	1.6
0	G900103915	1.6
0	G900103125	1.6
0	G900110905	1.6
0	G900107785	1.6
0	G900142675	1.6
1	G900129875	1.6
0	G900141825	1.6
0	G900129305	1.6
0	G900113925	1.6
0	G900141935	1.6
0	G900119095	1.6
2	G900156245	1.6
0	G900110995	1.6
